,id,Code,level_1,level_2,level_3,level_4,level_5
0,1,C0701811,0,0,0,0,1
1,2,C0425736,0,0,0,0,1
2,3,C0549622,0,0,0,0,1
3,4,C0549622,0,0,0,0,1
4,5,C0029944,0,0,0,0,1
5,6,C0344232,0,0,0,0,1
6,7,C0581879,0,0,0,0,1
7,8,C4074971,0,0,0,0,1
8,9,C0455204,0,0,0,0,1
9,10,C0029944,0,0,0,0,1
10,11,C0700031,0,0,0,0,1
11,12,C0004604,0,0,0,0,1
12,13,C0003467,0,0,0,0,1
13,14,C0012833,0,0,0,0,1
14,15,C0027497,0,0,0,0,1
15,16,C0010201,0,0,0,0,1
16,17,C0039231,0,0,0,0,1
17,18,C0037316,0,0,0,0,1
18,19,C0578026,0,0,0,0,1
19,20,C0043094,0,0,0,0,1
20,21,C0277960,0,0,0,0,1
21,22,C0231247,0,0,0,0,1
22,23,C0042571,0,0,0,0,1
23,24,C0042571,0,0,0,0,1
24,25,C0850674,0,0,0,0,1
25,26,C0278140,0,0,0,0,1
26,27,C0037199,0,0,0,0,1
27,28,C0024517,0,0,0,0,1
28,29,C0029944,0,0,0,0,1
29,30,C0043094,0,0,0,0,1
30,31,C0242350,0,0,0,0,1
31,32,C2981158,0,0,0,0,1
32,33,C0564408,0,0,0,0,1
33,34,C0428895,0,0,0,0,1
34,35,C0428895,0,0,0,0,1
35,36,C0236000,0,0,0,0,1
36,37,C0578994,0,0,0,0,1
37,38,C0037199,0,0,0,0,1
38,39,C0233794,0,0,0,0,1
39,40,C0235195,0,0,0,0,1
40,41,C0701810,0,0,0,0,1
41,42,C0578673,0,0,0,0,1
42,43,C0344232,0,0,0,0,1
43,44,C0150041,0,0,0,0,1
44,45,C0006325,0,0,0,0,1
45,46,C0392171,0,0,0,0,1
46,47,C0455769,0,0,0,0,1
47,48,C0581881,0,0,0,0,1
48,49,C0005911,0,0,0,0,1
49,50,C0522179,0,0,0,0,1
50,51,C0424444,0,0,0,0,1
51,52,C0424142,0,0,0,0,1
52,53,C0557875,0,0,0,0,1
53,54,C0236000,0,0,0,0,1
54,55,C0037199,0,0,0,0,1
55,56,C0028081,0,0,0,0,1
56,57,C0581879,0,0,0,0,1
57,58,C0000765,0,0,0,0,1
58,59,C0392171,0,0,0,0,1
59,60,C0563158,0,0,0,0,1
60,61,C0562319,0,0,0,0,1
61,62,C0562319,0,0,0,0,1
62,63,C0030193,0,0,0,0,1
63,64,C0427068,0,0,0,0,1
64,65,C0578994,0,0,0,0,1
65,66,C0581879,0,0,0,0,1
66,67,C0424000,0,0,0,0,1
67,68,C0423572,0,0,0,0,1
68,69,C0000765,0,0,0,0,1
69,70,C0424000,0,0,0,0,1
70,71,C0425251,0,0,0,0,1
71,72,C0277960,0,0,0,0,1
72,73,C0015672,0,0,0,0,1
73,74,C0037199,0,0,0,0,1
74,75,C0314719,0,0,0,0,1
75,76,C0392171,0,0,0,0,1
76,77,C1443924,0,0,0,0,1
77,78,C3839824,0,0,0,0,1
78,79,C0542313,0,0,0,0,1
79,80,C0392171,0,0,0,0,1
80,81,C0392171,0,0,0,0,1
81,82,C0241042,0,0,0,0,1
82,83,C0233408,0,0,0,0,1
83,84,C0037199,0,0,0,0,1
84,85,C0578673,0,0,0,0,1
85,86,C0542476,0,0,0,0,1
86,87,C0344315,0,0,0,0,1
87,88,C0037199,0,0,0,0,1
88,89,C0438696,0,0,0,0,1
89,90,C0554978,0,0,0,0,1
90,91,C0037199,0,0,0,0,1
91,92,C0235239,0,0,0,0,1
92,93,C0085631,0,0,0,0,1
93,94,C0016382,0,0,0,0,1
94,95,C0578994,0,0,0,0,1
95,96,C0438696,0,0,0,0,1
96,97,C0425101,0,0,0,0,1
97,98,C0455204,0,0,0,0,1
98,99,C0917801,0,0,0,0,1
99,100,C0564821,0,0,0,0,1
100,101,C0029944,0,0,0,0,1
101,102,C0006325,0,0,0,0,1
102,103,C0006325,0,0,0,0,1
103,104,C0028081,0,0,0,0,1
104,105,C0037199,0,0,0,0,1
105,106,C0522179,0,0,0,0,1
106,107,C0549622,0,0,0,0,1
107,108,C0234019,0,0,0,0,1
108,109,C0232292,0,0,0,0,1
109,110,C0392171,0,0,0,0,1
110,111,C0438696,0,0,0,0,1
111,112,C0701811,0,0,0,0,1
112,113,C0015672,0,0,0,0,1
113,114,C0701810,0,0,0,0,1
114,115,C0425766,0,0,0,0,1
115,116,C0221512,0,0,0,0,1
116,117,C0029944,0,0,0,0,1
117,118,C0221512,0,0,0,0,1
118,119,C0037199,0,0,0,0,1
119,120,C0085633,0,0,0,0,1
120,121,C0037199,0,0,0,0,1
121,122,C0000765,0,0,0,0,1
122,123,C0520913,0,0,0,0,1
123,124,C0231247,0,0,0,0,1
124,125,C0497406,0,0,0,0,1
125,126,C0019993,0,0,0,0,1
126,127,C0583786,0,0,0,0,1
127,128,C0234019,0,0,0,0,1
128,129,C0030193,0,0,0,0,1
129,130,C0027497,0,0,0,0,1
130,131,C0037199,0,0,0,0,1
131,132,C0456814,0,0,0,0,1
132,133,C0557875,0,0,0,0,1
133,134,C0569700,0,0,0,0,1
134,135,C0583786,0,0,0,0,1
135,136,C3536730,0,0,0,0,1
136,137,C0018681,0,0,0,0,1
137,138,C0392171,0,0,0,0,1
138,139,C0583786,0,0,0,0,1
139,140,C0037199,0,0,0,0,1
140,141,C0018681,0,0,0,0,1
141,142,C0033893,0,0,0,0,1
142,143,C0424158,0,0,0,0,1
143,144,C0583786,0,0,0,0,1
144,145,C4075722,0,0,0,0,1
145,146,C0423044,0,0,0,0,1
146,147,C0018616,0,0,0,0,1
147,148,C0344315,0,0,0,0,1
148,149,C0564408,0,0,0,0,1
149,150,C0234019,0,0,0,0,1
150,151,C0029944,0,0,0,0,1
151,152,C0456820,0,0,0,0,1
152,153,C0043094,0,0,0,0,1
153,154,C0234019,0,0,0,0,1
154,155,C0239882,0,0,0,0,1
155,156,C0425251,0,0,0,0,1
156,157,C0235160,0,0,0,0,1
157,158,C0393761,0,0,0,0,1
158,159,C0423044,0,0,0,0,1
159,160,C0683369,0,0,0,0,1
160,161,C0581879,0,0,0,0,1
161,162,C0278016,0,0,0,0,1
162,164,C0425101,0,0,0,0,1
163,165,C0423044,0,0,0,0,1
164,166,C0018681,0,0,0,0,1
165,167,C0018681,0,0,0,0,1
166,168,C1562291,0,0,0,0,1
167,169,C0029944,0,0,0,0,1
168,170,C0392171,0,0,0,0,1
169,171,C0426585,0,0,0,0,1
170,172,C0558261,0,0,0,0,1
171,173,C1291077,0,0,0,0,1
172,174,C0233762,0,0,0,0,1
173,175,C0578026,0,0,0,0,1
174,176,C0036104,0,0,0,0,1
175,177,C0037199,0,0,0,0,1
176,178,C0019993,0,0,0,0,1
177,179,C0037199,0,0,0,0,1
178,180,C0395016,0,0,0,0,1
179,181,C0037199,0,0,0,0,1
180,182,C0042023,0,0,0,0,1
181,183,C0003467,0,0,0,0,1
182,184,C0037199,0,0,0,0,1
183,185,C0424095,0,0,0,0,1
184,186,C0234019,0,0,0,0,1
185,187,C0583786,0,0,0,0,1
186,188,C0086769,0,0,0,0,1
187,189,C0037199,0,0,0,0,1
188,190,C0015672,0,0,0,0,1
189,191,C0557875,0,0,0,0,1
190,192,C0015672,0,0,0,0,1
191,193,C0239882,0,0,0,0,1
192,194,C0554978,0,0,0,0,1
193,195,C0086769,0,0,0,0,1
194,196,C0392171,0,0,0,0,1
195,197,C0583786,0,0,0,0,1
196,198,C0030318,0,0,0,0,1
197,199,C0010399,0,0,0,0,1
198,200,C0424573,0,0,0,0,1
199,201,C0011991,0,0,0,0,1
200,202,C0235160,0,0,0,0,1
201,203,C0003467,0,0,0,0,1
202,204,C0578994,0,0,0,0,1
203,205,C0019993,0,0,0,0,1
204,206,C0037199,0,0,0,0,1
205,207,C0027497,0,0,0,0,1
206,208,C0086769,0,0,0,0,1
207,209,C0392171,0,0,0,0,1
208,210,C0009806,0,0,0,0,1
209,211,C0043094,0,0,0,0,1
210,213,C0013473,0,0,0,0,1
211,214,C0235198,0,0,0,0,1
212,215,C0564820,0,0,0,0,1
213,216,C0037199,0,0,0,0,1
214,217,C0234019,0,0,0,0,1
215,218,C0392171,0,0,0,0,1
216,219,C0232461,0,0,0,0,1
217,220,C0860645,0,0,0,0,1
218,221,C0232462,0,0,0,0,1
219,222,C0233794,0,0,0,0,1
220,223,C0558219,0,0,0,0,1
221,224,C0003862,0,0,0,0,1
222,225,C0024031,0,0,0,0,1
223,226,C0314719,0,0,0,0,1
224,227,C0393761,0,0,0,0,1
225,228,C0702166,0,0,0,0,1
226,229,C0423684,0,0,0,0,1
227,230,C0456820,0,0,0,0,1
228,231,C0455769,0,0,0,0,1
229,232,C0456820,0,0,0,0,1
230,233,C0583786,0,0,0,0,1
231,234,C0578673,0,0,0,0,1
232,235,C0423994,0,0,0,0,1
233,236,C0456820,0,0,0,0,1
234,237,C0344315,0,0,0,0,1
235,238,C0425251,0,0,0,0,1
236,239,C0037199,0,0,0,0,1
237,241,C0037199,0,0,0,0,1
238,242,C0037199,0,0,0,0,1
239,243,C0577027,0,0,0,0,1
240,244,C0000765,0,0,0,0,1
241,245,C0235160,0,0,0,0,1
242,246,C0037199,0,0,0,0,1
243,247,C0037199,0,0,0,0,1
244,248,C2981158,0,0,0,0,1
245,249,C0456820,0,0,0,0,1
246,250,C0392171,0,0,0,0,1
247,251,C0000765,0,0,0,0,1
248,252,C0037199,0,0,0,0,1
249,253,C0554980,0,0,0,0,1
250,254,C0043094,0,0,0,0,1
251,255,C0392171,0,0,0,0,1
252,256,C0557875,0,0,0,0,1
253,257,C0037199,0,0,0,0,1
254,258,C0424444,0,0,0,0,1
255,259,C0455769,0,0,0,0,1
256,260,C0456820,0,0,0,0,1
257,261,C0424565,0,0,0,0,1
258,262,C3887605,0,0,0,0,1
259,263,C2939147,0,0,0,0,1
260,264,C0027497,0,0,0,0,1
261,265,C0424095,0,0,0,0,1
262,266,C0037199,0,0,0,0,1
263,267,C0041755,0,0,0,0,1
264,268,C0037199,0,0,0,0,1
265,269,C0558171,0,0,0,0,1
266,270,C0000765,0,0,0,0,1
267,271,C1262477,0,0,0,0,1
268,272,C0028081,0,0,0,0,1
269,273,C0028081,0,0,0,0,1
270,274,C0424573,0,0,0,0,1
271,275,C0151474,0,0,0,0,1
272,276,C0860645,0,0,0,0,1
273,277,C0564548,0,0,0,0,1
274,278,C0005826,0,0,0,0,1
275,279,C0005826,0,0,0,0,1
276,280,C0424573,0,0,0,0,1
277,281,C0542313,0,0,0,0,1
278,282,C0043094,0,0,0,0,1
279,283,C0233479,0,0,0,0,1
280,284,C0344315,0,0,0,0,1
281,285,C0009806,0,0,0,0,1
282,286,C0556385,0,0,0,0,1
283,287,C0557875,0,0,0,0,1
284,288,C0037320,0,0,0,0,1
285,289,C0027497,0,0,0,0,1
286,290,C0085631,0,0,0,0,1
287,291,C0233818,0,0,0,0,1
288,292,C0239882,0,0,0,0,1
289,293,C0557875,0,0,0,0,1
290,294,C0581879,0,0,0,0,1
291,295,C0522165,0,0,0,0,1
292,296,C0558171,0,0,0,0,1
293,297,C0040441,0,0,0,0,1
294,298,C0013473,0,0,0,0,1
295,299,C0009806,0,0,0,0,1
296,300,C2981158,0,0,0,0,1
297,301,C0586746,0,0,0,0,1
298,302,C0581879,0,0,0,0,1
299,303,C0037199,0,0,0,0,1
300,304,C0000765,0,0,0,0,1
301,305,C0425766,0,0,0,0,1
302,306,C0578673,0,0,0,0,1
303,307,C0043094,0,0,0,0,1
304,308,C0037199,0,0,0,0,1
305,309,C0027497,0,0,0,0,1
306,310,C3887611,0,0,0,0,1
307,311,C0037199,0,0,0,0,1
308,312,C0233408,0,0,0,0,1
309,313,C0564820,0,0,0,0,1
310,314,C0393761,0,0,0,0,1
311,315,C0085631,0,0,0,0,1
312,316,C0563146,0,0,0,0,1
313,317,C0242350,0,0,0,0,1
314,318,C0235198,0,0,0,0,1
315,319,C0392171,0,0,0,0,1
316,320,C0043387,0,0,0,0,1
317,321,C0456820,0,0,0,0,1
318,322,C0425101,0,0,0,0,1
319,323,C0424000,0,0,0,0,1
320,324,C0424110,0,0,0,0,1
321,325,C0037199,0,0,0,0,1
322,326,C2981158,0,0,0,0,1
323,327,C0009806,0,0,0,0,1
324,328,C0456820,0,0,0,0,1
325,329,C0239882,0,0,0,0,1
326,330,C0029944,0,0,0,0,1
327,331,C3672010,0,0,0,0,1
328,332,C0235146,0,0,0,0,1
329,333,C0037199,0,0,0,0,1
330,334,C0554978,0,0,0,0,1
331,335,C0392171,0,0,0,0,1
332,337,C0080274,0,0,0,0,1
333,338,C0000765,0,0,0,0,1
334,339,C0917801,0,0,0,0,1
335,340,C0028084,0,0,0,0,1
336,341,C0424444,0,0,0,0,1
337,342,C0424329,0,0,0,0,1
338,343,C1532253,0,0,0,0,1
339,344,C0232461,0,0,0,0,1
340,345,C0000765,0,0,0,0,1
341,346,C0027497,0,0,0,0,1
342,347,C0043387,0,0,0,0,1
343,348,C0242350,0,0,0,0,1
344,349,C0425769,0,0,0,0,1
345,350,C2981158,0,0,0,0,1
346,352,C0425769,0,0,0,0,1
347,353,C0425769,0,0,0,0,1
348,355,C0424573,0,0,0,0,1
349,356,C0558077,0,0,0,0,1
350,357,C0425101,0,0,0,0,1
351,358,C0424329,0,0,0,0,1
352,359,C0456820,0,0,0,0,1
353,360,C0456820,0,0,0,0,1
354,361,C0000765,0,0,0,0,1
355,362,C0043094,0,0,0,0,1
356,363,C0037199,0,0,0,0,1
357,364,C0424431,0,0,0,0,1
358,365,C0038990,0,0,0,0,1
359,366,C0581879,0,0,0,0,1
360,367,C0424555,0,0,0,0,1
361,368,C0392171,0,0,0,0,1
362,369,C0234019,0,0,0,0,1
363,370,C0558077,0,0,0,0,1
364,371,C0235160,0,0,0,0,1
365,372,C0013144,0,0,0,0,1
366,373,C0036902,0,0,0,0,1
367,374,C0000765,0,0,0,0,1
368,375,C4074950,0,0,0,0,1
369,376,C0000765,0,0,0,0,1
370,377,C0232461,0,0,0,0,1
371,378,C0278180,0,0,0,0,1
372,379,C0424091,0,0,0,0,1
373,380,C0043387,0,0,0,0,1
374,381,C0037199,0,0,0,0,1
375,382,C0027497,0,0,0,0,1
376,383,C0557875,0,0,0,0,1
377,384,C0028084,0,0,0,0,1
378,385,C0425766,0,0,0,0,1
379,386,C0558078,0,0,0,0,1
380,387,C0151474,0,0,0,0,1
381,388,C0037199,0,0,0,0,1
382,389,C0701811,0,0,0,0,1
383,390,C0392171,0,0,0,0,1
384,391,C0235198,0,0,0,0,1
385,393,C0557875,0,0,0,0,1
386,394,C0424158,0,0,0,0,1
387,395,C0424565,0,0,0,0,1
388,396,C0424565,0,0,0,0,1
389,397,C0235160,0,0,0,0,1
390,398,C0277960,0,0,0,0,1
391,399,C0043094,0,0,0,0,1
392,400,C0024031,0,0,0,0,1
393,401,C0013144,0,0,0,0,1
394,402,C0156404,0,0,0,0,1
395,403,C0013144,0,0,0,0,1
396,404,C0038990,0,0,0,0,1
397,405,C0000765,0,0,0,0,1
398,406,C0234019,0,0,0,0,1
399,407,C0455769,0,0,0,0,1
400,408,C0456814,0,0,0,0,1
401,409,C0424000,0,0,0,0,1
402,410,C0392171,0,0,0,0,1
403,411,C0002170,0,0,0,0,1
404,412,C0554978,0,0,0,0,1
405,413,C0564821,0,0,0,0,1
406,414,C0028081,0,0,0,0,1
407,415,C0028081,0,0,0,0,1
408,416,C0581879,0,0,0,0,1
409,417,C0037199,0,0,0,0,1
410,418,C0277960,0,0,0,0,1
411,419,C0024517,0,0,0,0,1
412,420,C1262477,0,0,0,0,1
413,421,C1277340,0,0,0,0,1
414,422,C0043387,0,0,0,0,1
415,423,C0043094,0,0,0,0,1
416,424,C0027497,0,0,0,0,1
417,425,C0277960,0,0,0,0,1
418,427,C0424444,0,0,0,0,1
419,428,C0234019,0,0,0,0,1
420,429,C4075722,0,0,0,0,1
421,430,C0043094,0,0,0,0,1
422,431,C0023380,0,0,0,0,1
423,432,C0583786,0,0,0,0,1
424,433,C0234019,0,0,0,0,1
425,434,C2981158,0,0,0,0,1
426,435,C1443924,0,0,0,0,1
427,436,C0027497,0,0,0,0,1
428,437,C0233471,0,0,0,0,1
429,438,C0027497,0,0,0,0,1
430,439,C0037199,0,0,0,0,1
431,440,C0027497,0,0,0,0,1
432,441,C0027497,0,0,0,0,1
433,442,C0582093,0,0,0,0,1
434,443,C0037199,0,0,0,0,1
435,444,C1443924,0,0,0,0,1
436,445,C0583786,0,0,0,0,1
437,446,C0000765,0,0,0,0,1
438,447,C0581879,0,0,0,0,1
439,448,C0234019,0,0,0,0,1
440,449,C0234019,0,0,0,0,1
441,450,C0005911,0,0,0,0,1
442,451,C0043094,0,0,0,0,1
443,452,C0006325,0,0,0,0,1
444,453,C0015672,0,0,0,0,1
445,454,C0581879,0,0,0,0,1
446,455,C0917801,0,0,0,0,1
447,456,C1971624,0,0,0,0,1
448,457,C0027497,0,0,0,0,1
449,458,C0151474,0,0,0,0,1
450,459,C0000765,0,0,0,0,1
451,460,C0043094,0,0,0,0,1
452,461,C0013144,0,0,0,0,1
453,462,C0033774,0,0,0,0,1
454,463,C0555026,0,0,0,0,1
455,464,C0027497,0,0,0,0,1
456,465,C0234019,0,0,0,0,1
457,466,C0009806,0,0,0,0,1
458,467,C0860645,0,0,0,0,1
459,468,C1443924,0,0,0,0,1
460,469,C0235160,0,0,0,0,1
461,470,C0582093,0,0,0,0,1
462,471,C0578994,0,0,0,0,1
463,472,C0456820,0,0,0,0,1
464,473,C0393760,0,0,0,0,1
465,474,C0231247,0,0,0,0,1
466,475,C0917801,0,0,0,0,1
467,476,C1971624,0,0,0,0,1
468,477,C0037199,0,0,0,0,1
469,478,C0860645,0,0,0,0,1
470,479,C0860645,0,0,0,0,1
471,480,C0037199,0,0,0,0,1
472,481,C2219848,0,0,0,0,1
473,482,C0860645,0,0,0,0,1
474,483,C0037199,0,0,0,0,1
475,484,C0236000,0,0,0,0,1
476,485,C0235146,0,0,0,0,1
477,486,C0038990,0,0,0,0,1
478,487,C0277960,0,0,0,0,1
479,488,C0043387,0,0,0,0,1
480,489,C0424091,0,0,0,0,1
481,490,C0028081,0,0,0,0,1
482,491,C0344375,0,0,0,0,1
483,492,C0424528,0,0,0,0,1
484,493,C0232487,0,0,0,0,1
485,494,C0028081,0,0,0,0,1
486,495,C0234019,0,0,0,0,1
487,496,C0012833,0,0,0,0,1
488,497,C0581879,0,0,0,0,1
489,498,C0037199,0,0,0,0,1
490,499,C0000765,0,0,0,0,1
491,500,C0015672,0,0,0,0,1
492,501,C1971624,0,0,0,0,1
493,502,C0037199,0,0,0,0,1
494,503,C0234019,0,0,0,0,1
495,504,C0037199,0,0,0,0,1
496,505,C0024517,0,0,0,0,1
497,506,C0701811,0,0,0,0,1
498,507,C0043094,0,0,0,0,1
499,508,C0917801,0,0,0,0,1
500,509,C0018616,0,0,0,0,1
501,510,C0424444,0,0,0,0,1
502,511,C0701812,0,0,0,0,1
503,512,C0232461,0,0,0,0,1
504,513,C0234019,0,0,0,0,1
505,514,C0037199,0,0,0,0,1
506,515,C0043094,0,0,0,0,1
507,516,C0037199,0,0,0,0,1
508,517,C0037199,0,0,0,0,1
509,518,C0235239,0,0,0,0,1
510,519,C0037199,0,0,0,0,1
511,520,C0392171,0,0,0,0,1
512,521,C0037199,0,0,0,0,1
513,522,C0028081,0,0,0,0,1
514,523,C0344232,0,0,0,0,1
515,524,C0393760,0,0,0,0,1
516,525,C1971624,0,0,0,0,1
517,526,C0085632,0,0,0,0,1
518,527,C0425769,0,0,0,0,1
519,528,C0029944,0,0,0,0,1
520,529,C0000765,0,0,0,0,1
521,530,C1971624,0,0,0,0,1
522,531,C0015672,0,0,0,0,1
523,532,C0037199,0,0,0,0,1
524,533,C0424000,0,0,0,0,1
525,534,C0278016,0,0,0,0,1
526,535,C0043094,0,0,0,0,1
527,536,C0424573,0,0,0,0,1
528,537,C2981158,0,0,0,0,1
529,538,C0038990,0,0,0,0,1
530,539,C0700590,0,0,0,0,1
531,540,C0000765,0,0,0,0,1
532,541,C0043094,0,0,0,0,1
533,542,C0000765,0,0,0,0,1
534,543,C0024031,0,0,0,0,1
535,544,C0038990,0,0,0,0,1
536,545,C0393760,0,0,0,0,1
537,546,C0393760,0,0,0,0,1
538,547,C0583786,0,0,0,0,1
539,548,C0086769,0,0,0,0,1
540,549,C0037199,0,0,0,0,1
541,550,C0043094,0,0,0,0,1
542,551,C0028081,0,0,0,0,1
543,552,C0043094,0,0,0,0,1
544,553,C0413862,0,0,0,0,1
545,554,C0392171,0,0,0,0,1
546,555,C0428895,0,0,0,0,1
547,556,C0005586,0,0,0,0,1
548,557,C0235309,0,0,0,0,1
549,558,C0043094,0,0,0,0,1
550,559,C0037199,0,0,0,0,1
551,560,C0027497,0,0,0,0,1
552,561,C0028081,0,0,0,0,1
553,562,C0085631,0,0,0,0,1
554,563,C0424573,0,0,0,0,1
555,564,C0043094,0,0,0,0,1
556,565,C0015672,0,0,0,0,1
557,566,C0344315,0,0,0,0,1
558,567,C0037199,0,0,0,0,1
559,568,C0677661,0,0,0,0,1
560,569,C0456814,0,0,0,0,1
561,570,C0232462,0,0,0,0,1
562,571,C0564408,0,0,0,0,1
563,572,C0278016,0,0,0,0,1
564,573,C0231218,0,0,0,0,1
565,574,C0278016,0,0,0,0,1
566,575,C0000765,0,0,0,0,1
567,576,C0037199,0,0,0,0,1
568,577,C0027497,0,0,0,0,1
569,578,C0000765,0,0,0,0,1
570,579,C0235160,0,0,0,0,1
571,580,C1971624,0,0,0,0,1
572,581,C0037199,0,0,0,0,1
573,582,C0043094,0,0,0,0,1
574,583,C0232462,0,0,0,0,1
575,584,C0556385,0,0,0,0,1
576,585,C0236858,0,0,0,0,1
577,586,C0037199,0,0,0,0,1
578,587,C0235160,0,0,0,0,1
579,588,C0037199,0,0,0,0,1
580,589,C0005586,0,0,0,0,1
581,590,C0701810,0,0,0,0,1
582,591,C0700031,0,0,0,0,1
583,592,C0029944,0,0,0,0,1
584,593,C0232461,0,0,0,0,1
585,594,C0424565,0,0,0,0,1
586,595,C0577027,0,0,0,0,1
587,596,C0011991,0,0,0,0,1
588,597,C0028081,0,0,0,0,1
589,598,C0554978,0,0,0,0,1
590,599,C0392171,0,0,0,0,1
591,600,C0043094,0,0,0,0,1
592,601,C0151786,0,0,0,0,1
593,602,C0002957,0,0,0,0,1
594,603,C0438696,0,0,0,0,1
595,604,C0344315,0,0,0,0,1
596,605,C0086769,0,0,0,0,1
597,606,C0392171,0,0,0,0,1
598,607,C0392171,0,0,0,0,1
599,608,C0000765,0,0,0,0,1
600,609,C0425101,0,0,0,0,1
601,610,C0232292,0,0,0,0,1
602,611,C0562319,0,0,0,0,1
603,612,C0037199,0,0,0,0,1
604,613,C0582093,0,0,0,0,1
605,614,C0037199,0,0,0,0,1
606,615,C0424117,0,0,0,0,1
607,616,C0016053,0,0,0,0,1
608,617,C0037199,0,0,0,0,1
609,618,C0425101,0,0,0,0,1
610,619,C0557455,0,0,0,0,1
611,620,C0235239,0,0,0,0,1
612,621,C0549622,0,0,0,0,1
613,622,C0233818,0,0,0,0,1
614,623,C0000765,0,0,0,0,1
615,624,C0235198,0,0,0,0,1
616,625,C0424558,0,0,0,0,1
617,626,C0278016,0,0,0,0,1
618,627,C0583237,0,0,0,0,1
619,628,C0438696,0,0,0,0,1
620,629,C0701810,0,0,0,0,1
621,630,C0000765,0,0,0,0,1
622,631,C0037199,0,0,0,0,1
623,632,C0038661,0,0,0,0,1
624,633,C0438696,0,0,0,0,1
625,634,C0233408,0,0,0,0,1
626,635,C0037317,0,0,0,0,1
627,636,C0003467,0,0,0,0,1
628,637,C0581879,0,0,0,0,1
629,638,C0849963,0,0,0,0,1
630,639,C0043387,0,0,0,0,1
631,640,C0233408,0,0,0,0,1
632,641,C1527304,0,0,0,0,1
633,642,C0000765,0,0,0,0,1
634,643,C0231247,0,0,0,0,1
635,644,C0011991,0,0,0,0,1
636,645,C0038990,0,0,0,0,1
637,646,C0027497,0,0,0,0,1
638,647,C0425101,0,0,0,0,1
639,648,C0424000,0,0,0,0,1
640,649,C0554978,0,0,0,0,1
641,650,C0019993,0,0,0,0,1
642,651,C0028084,0,0,0,0,1
643,652,C0233762,0,0,0,0,1
644,653,C0424444,0,0,0,0,1
645,654,C0424444,0,0,0,0,1
646,655,C0338481,0,0,0,0,1
647,656,C0038990,0,0,0,0,1
648,657,C0029944,0,0,0,0,1
649,658,C0424304,0,0,0,0,1
650,659,C0424366,0,0,0,0,1
651,660,C0917801,0,0,0,0,1
652,661,C0234019,0,0,0,0,1
653,662,C0028084,0,0,0,0,1
654,663,C0233408,0,0,0,0,1
655,664,C0232462,0,0,0,0,1
656,665,C0022107,0,0,0,0,1
657,666,C0560617,0,0,0,0,1
658,667,C0392171,0,0,0,0,1
659,668,C0456814,0,0,0,0,1
660,669,C0311394,0,0,0,0,1
661,670,C0027497,0,0,0,0,1
662,671,C0043094,0,0,0,0,1
663,672,C0037199,0,0,0,0,1
664,673,C0425766,0,0,0,0,1
665,674,C0017168,0,0,0,0,1
666,675,C0425082,0,0,0,0,1
667,676,C0236000,0,0,0,0,1
668,677,C2697368,0,0,0,0,1
669,678,C0557875,0,0,0,0,1
670,679,C0393761,0,0,0,0,1
671,680,C0542313,0,0,0,0,1
672,681,C0235160,0,0,0,0,1
673,683,C0037199,0,0,0,0,1
674,684,C0438696,0,0,0,0,1
675,685,C0423994,0,0,0,0,1
676,686,C0392171,0,0,0,0,1
677,687,C2981158,0,0,0,0,1
678,688,C0037199,0,0,0,0,1
679,689,C0438696,0,0,0,0,1
680,690,C0037317,0,0,0,0,1
681,691,C0004095,0,0,0,0,1
682,692,C0043094,0,0,0,0,1
683,693,C0234019,0,0,0,0,1
684,694,C0581879,0,0,0,0,1
685,695,C0392171,0,0,0,0,1
686,696,C0151315,0,0,0,0,1
687,697,C0003467,0,0,0,0,1
688,698,C0037199,0,0,0,0,1
689,699,C0564820,0,0,0,0,1
690,700,C0037199,0,0,0,0,1
691,701,C0232461,0,0,0,0,1
692,702,C0003467,0,0,0,0,1
693,703,C0000765,0,0,0,0,1
694,704,C0036572,0,0,0,0,1
695,705,C0234019,0,0,0,0,1
696,706,C0522178,0,0,0,0,1
697,707,C2129214,0,0,0,0,1
698,708,C0393760,0,0,0,0,1
699,709,C0004604,0,0,0,0,1
700,710,C0037199,0,0,0,0,1
701,711,C0586741,0,0,0,0,1
702,712,C0037199,0,0,0,0,1
703,713,C0424000,0,0,0,0,1
704,714,C0581881,0,0,0,0,1
705,715,C0423044,0,0,0,0,1
706,716,C0239882,0,0,0,0,1
707,717,C0425101,0,0,0,0,1
708,718,C0011991,0,0,0,0,1
709,719,C0037199,0,0,0,0,1
710,720,C0557875,0,0,0,0,1
711,721,C0020175,0,0,0,0,1
712,722,C0455769,0,0,0,0,1
713,723,C0037199,0,0,0,0,1
714,724,C0424565,0,0,0,0,1
715,725,C0425101,0,0,0,0,1
716,726,C0424444,0,0,0,0,1
717,727,C0233408,0,0,0,0,1
718,728,C0028081,0,0,0,0,1
719,729,C0000765,0,0,0,0,1
720,730,C0003467,0,0,0,0,1
721,731,C0015672,0,0,0,0,1
722,732,C0278016,0,0,0,0,1
723,733,C0392171,0,0,0,0,1
724,734,C0013473,0,0,0,0,1
725,735,C0425251,0,0,0,0,1
726,736,C0344375,0,0,0,0,1
727,737,C0151474,0,0,0,0,1
728,738,C0151474,0,0,0,0,1
729,739,C0027497,0,0,0,0,1
730,740,C0043387,0,0,0,0,1
731,741,C0011991,0,0,0,0,1
732,742,C2981158,0,0,0,0,1
733,743,C0425251,0,0,0,0,1
734,744,C0011991,0,0,0,0,1
735,745,C0917801,0,0,0,0,1
736,746,C0085632,0,0,0,0,1
737,747,C0041755,0,0,0,0,1
738,748,C2364087,0,0,0,0,1
739,749,C0424000,0,0,0,0,1
740,750,C0085631,0,0,0,0,1
741,751,C0036104,0,0,0,0,1
742,752,C0392171,0,0,0,0,1
743,753,C0581879,0,0,0,0,1
744,754,C0037199,0,0,0,0,1
745,755,C0424304,0,0,0,0,1
746,756,C1527304,0,0,0,0,1
747,757,C0235146,0,0,0,0,1
748,758,C0037199,0,0,0,0,1
749,759,C0012833,0,0,0,0,1
750,760,C1971624,0,0,0,0,1
751,761,C0012833,0,0,0,0,1
752,762,C0012833,0,0,0,0,1
753,763,C0037199,0,0,0,0,1
754,764,C0857087,0,0,0,0,1
755,765,C0043094,0,0,0,0,1
756,766,C0234019,0,0,0,0,1
757,767,C0231247,0,0,0,0,1
758,768,C0231247,0,0,0,0,1
759,769,C0037199,0,0,0,0,1
760,770,C0558077,0,0,0,0,1
761,771,C0234019,0,0,0,0,1
762,772,C0456820,0,0,0,0,1
763,773,C0424558,0,0,0,0,1
764,774,C0006325,0,0,0,0,1
765,775,C0030193,0,0,0,0,1
766,776,C0234019,0,0,0,0,1
767,777,C0028084,0,0,0,0,1
768,778,C0702166,0,0,0,0,1
769,779,C0702166,0,0,0,0,1
770,780,C0017168,0,0,0,0,1
771,781,C0037199,0,0,0,0,1
772,782,C0000765,0,0,0,0,1
773,783,C0234019,0,0,0,0,1
774,784,C0043094,0,0,0,0,1
775,785,C0009806,0,0,0,0,1
776,786,C0578994,0,0,0,0,1
777,787,C0234019,0,0,0,0,1
778,788,C0043094,0,0,0,0,1
779,789,C0557878,0,0,0,0,1
780,790,C2129214,0,0,0,0,1
781,791,C0581879,0,0,0,0,1
782,792,C0235050,0,0,0,0,1
783,793,C0581879,0,0,0,0,1
784,794,C0085631,0,0,0,0,1
785,795,C0085593,0,0,0,0,1
786,796,C0392171,0,0,0,0,1
787,797,C0392171,0,0,0,0,1
788,798,C0557875,0,0,0,0,1
789,799,C0455204,0,0,0,0,1
790,800,C0425766,0,0,0,0,1
791,801,C0234019,0,0,0,0,1
792,802,C0043094,0,0,0,0,1
793,803,C0000765,0,0,0,0,1
794,804,C0578994,0,0,0,0,1
795,805,C0234019,0,0,0,0,1
796,806,C0027497,0,0,0,0,1
797,807,C0037199,0,0,0,0,1
798,808,C0234019,0,0,0,0,1
799,809,C0278140,0,0,0,0,1
800,810,C0558077,0,0,0,0,1
801,811,C0455769,0,0,0,0,1
802,812,C0234019,0,0,0,0,1
803,813,C0917801,0,0,0,0,1
804,814,C0393760,0,0,0,0,1
805,815,C0277884,0,0,0,0,1
806,816,C0005826,0,0,0,0,1
807,817,C0239882,0,0,0,0,1
808,818,C0581881,0,0,0,0,1
809,819,C0012833,0,0,0,0,1
810,820,C0277960,0,0,0,0,1
811,821,C0028081,0,0,0,0,1
812,822,C0558077,0,0,0,0,1
813,823,C0043094,0,0,0,0,1
814,824,C1262477,0,0,0,0,1
815,825,C0581879,0,0,0,0,1
816,826,C0456820,0,0,0,0,1
817,827,C0037199,0,0,0,0,1
818,828,C0027497,0,0,0,0,1
819,829,C0554980,0,0,0,0,1
820,830,C0392171,0,0,0,0,1
821,831,C0012833,0,0,0,0,1
822,832,C0234019,0,0,0,0,1
823,833,C0234019,0,0,0,0,1
824,834,C0037199,0,0,0,0,1
825,835,C0037199,0,0,0,0,1
826,836,C0522173,0,0,0,0,1
827,837,C0563146,0,0,0,0,1
828,838,C0036902,0,0,0,0,1
829,839,C0578994,0,0,0,0,1
830,840,C0700590,0,0,0,0,1
831,841,C0700590,0,0,0,0,1
832,842,C0425101,0,0,0,0,1
833,843,C0232462,0,0,0,0,1
834,844,C0344232,0,0,0,0,1
835,845,C0586742,0,0,0,0,1
836,846,C0234019,0,0,0,0,1
837,847,C0022107,0,0,0,0,1
838,848,C0424112,0,0,0,0,1
839,849,C0392171,0,0,0,0,1
840,850,C0235309,0,0,0,0,1
841,851,C0583237,0,0,0,0,1
842,852,C0234019,0,0,0,0,1
843,853,C1443924,0,0,0,0,1
844,854,C0564408,0,0,0,0,1
845,855,C0234019,0,0,0,0,1
846,856,C0392171,0,0,0,0,1
847,857,C0234019,0,0,0,0,1
848,858,C0581879,0,0,0,0,1
849,859,C0028081,0,0,0,0,1
850,860,C0037199,0,0,0,0,1
851,861,C0000765,0,0,0,0,1
852,862,C0557875,0,0,0,0,1
853,863,C0456820,0,0,0,0,1
854,864,C0557875,0,0,0,0,1
855,865,C0393761,0,0,0,0,1
856,866,C0011124,0,0,0,0,1
857,867,C0393761,0,0,0,0,1
858,868,C0234019,0,0,0,0,1
859,869,C0392171,0,0,0,0,1
860,870,C0037199,0,0,0,0,1
861,871,C2981158,0,0,0,0,1
862,872,C0277960,0,0,0,0,1
863,873,C0234019,0,0,0,0,1
864,874,C0392171,0,0,0,0,1
865,875,C0392171,0,0,0,0,1
866,876,C0043094,0,0,0,0,1
867,877,C0043094,0,0,0,0,1
868,878,C0423044,0,0,0,0,1
869,879,C0024031,0,0,0,0,1
870,880,C0392171,0,0,0,0,1
871,881,C0037199,0,0,0,0,1
872,882,C0581879,0,0,0,0,1
873,883,C0277960,0,0,0,0,1
874,884,C0425101,0,0,0,0,1
875,885,C0234019,0,0,0,0,1
876,886,C0234019,0,0,0,0,1
877,887,C1262477,0,0,0,0,1
878,888,C0043094,0,0,0,0,1
879,889,C0424091,0,0,0,0,1
880,890,C0000765,0,0,0,0,1
881,891,C0425769,0,0,0,0,1
882,892,C1821572,0,0,0,0,1
883,893,C0012833,0,0,0,0,1
884,894,C0085632,0,0,0,0,1
885,895,C0019993,0,0,0,0,1
886,896,C0344315,0,0,0,0,1
887,897,C0027497,0,0,0,0,1
888,898,C0028084,0,0,0,0,1
889,899,C0028084,0,0,0,0,1
890,900,C0043094,0,0,0,0,1
891,901,C0043094,0,0,0,0,1
892,902,C0424099,0,0,0,0,1
893,903,C0006325,0,0,0,0,1
894,904,C0013144,0,0,0,0,1
895,905,C0558077,0,0,0,0,1
896,906,C2981158,0,0,0,0,1
897,907,C0043094,0,0,0,0,1
898,908,C0043094,0,0,0,0,1
899,909,C0701810,0,0,0,0,1
900,910,C0424444,0,0,0,0,1
901,911,C0278016,0,0,0,0,1
902,912,C1443924,0,0,0,0,1
903,913,C0011991,0,0,0,0,1
904,914,C0027497,0,0,0,0,1
905,915,C0029944,0,0,0,0,1
906,916,C0232462,0,0,0,0,1
907,917,C0426585,0,0,0,0,1
908,918,C0004604,0,0,0,0,1
909,919,C0542313,0,0,0,0,1
910,920,C0917801,0,0,0,0,1
911,921,C0701810,0,0,0,0,1
912,922,C0038990,0,0,0,0,1
913,923,C0030318,0,0,0,0,1
914,924,C0549622,0,0,0,0,1
915,925,C0037199,0,0,0,0,1
916,926,C1262477,0,0,0,0,1
917,927,C0423994,0,0,0,0,1
918,928,C0086769,0,0,0,0,1
919,929,C0557875,0,0,0,0,1
920,930,C0581879,0,0,0,0,1
921,931,C0086769,0,0,0,0,1
922,932,C0557878,0,0,0,0,1
923,933,C0701811,0,0,0,0,1
924,934,C0037199,0,0,0,0,1
925,935,C0549622,0,0,0,0,1
926,936,C0860645,0,0,0,0,1
927,937,C0549622,0,0,0,0,1
928,938,C0235160,0,0,0,0,1
929,939,C0860645,0,0,0,0,1
930,940,C0011124,0,0,0,0,1
931,941,C0027497,0,0,0,0,1
932,942,C0037199,0,0,0,0,1
933,943,C0013144,0,0,0,0,1
934,944,C0027497,0,0,0,0,1
935,945,C0024031,0,0,0,0,1
936,946,C0424573,0,0,0,0,1
937,947,C0013144,0,0,0,0,1
938,948,C0232462,0,0,0,0,1
939,949,C0043094,0,0,0,0,1
940,950,C0027497,0,0,0,0,1
941,951,C0701810,0,0,0,0,1
942,952,C4074971,0,0,0,0,1
943,953,C0002957,0,0,0,0,1
944,954,C0235146,0,0,0,0,1
945,955,C0850674,0,0,0,0,1
946,956,C0000765,0,0,0,0,1
947,957,C0000765,0,0,0,0,1
948,958,C0043094,0,0,0,0,1
949,959,C0003467,0,0,0,0,1
950,960,C0043094,0,0,0,0,1
951,961,C0037316,0,0,0,0,1
952,962,C0438696,0,0,0,0,1
953,963,C0028081,0,0,0,0,1
954,964,C0018681,0,0,0,0,1
955,965,C0151315,0,0,0,0,1
956,966,C1443924,0,0,0,0,1
957,967,C0456820,0,0,0,0,1
958,968,C0024517,0,0,0,0,1
959,969,C0013144,0,0,0,0,1
960,970,C0233471,0,0,0,0,1
961,971,C0424573,0,0,0,0,1
962,972,C0043094,0,0,0,0,1
963,973,C0860645,0,0,0,0,1
964,974,C0557455,0,0,0,0,1
965,975,C0241633,0,0,0,0,1
966,976,C0029944,0,0,0,0,1
967,977,C0018681,0,0,0,0,1
968,978,C0857087,0,0,0,0,1
969,979,C0232462,0,0,0,0,1
970,980,C2129214,0,0,0,0,1
971,981,C0277960,0,0,0,0,1
972,982,C0393760,0,0,0,0,1
973,983,C0234019,0,0,0,0,1
974,984,C0003467,0,0,0,0,1
975,985,C0037199,0,0,0,0,1
976,986,C0235309,0,0,0,0,1
977,987,C4074950,0,0,0,0,1
978,988,C0030318,0,0,0,0,1
979,989,C0555026,0,0,0,0,1
980,990,C1262477,0,0,0,0,1
981,991,C3887611,0,0,0,0,1
982,992,C1971624,0,0,0,0,1
983,993,C0425766,0,0,0,0,1
984,994,C0235160,0,0,0,0,1
985,995,C0018681,0,0,0,0,1
986,996,C0549622,0,0,0,0,1
987,997,C0425101,0,0,0,0,1
988,998,C4075722,0,0,0,0,1
989,999,C0037199,0,0,0,0,1
990,1000,C0085633,0,0,0,0,1
991,1001,C0234047,0,0,0,0,1
992,1002,C0009806,0,0,0,0,1
993,1003,C0232937,0,0,0,0,1
994,1004,C0232937,0,0,0,0,1
995,1005,C0027497,0,0,0,0,1
996,1006,C0549622,0,0,0,0,1
997,1007,C0027497,0,0,0,0,1
998,1008,C4074950,0,0,0,0,1
999,1009,C0029944,0,0,0,0,1
1000,1010,C0392171,0,0,0,0,1
1001,1011,C0234019,0,0,0,0,1
1002,1012,C0004936,0,0,0,0,1
1003,1013,C0424573,0,0,0,0,1
1004,1014,C0555026,0,0,0,0,1
1005,1015,C0557875,0,0,0,0,1
1006,1016,C0015726,0,0,0,0,1
1007,1017,C0235198,0,0,0,0,1
1008,1018,C0037199,0,0,0,0,1
1009,1019,C0015672,0,0,0,0,1
1010,1020,C0043094,0,0,0,0,1
1011,1021,C0043094,0,0,0,0,1
1012,1022,C0015672,0,0,0,0,1
1013,1023,C0038990,0,0,0,0,1
1014,1024,C0233471,0,0,0,0,1
1015,1025,C0549622,0,0,0,0,1
1016,1026,C0917801,0,0,0,0,1
1017,1027,C0043094,0,0,0,0,1
1018,1028,C0037199,0,0,0,0,1
1019,1029,C0557875,0,0,0,0,1
1020,1030,C0234019,0,0,0,0,1
1021,1031,C0038990,0,0,0,0,1
1022,1032,C0277960,0,0,0,0,1
1023,1033,C0232431,0,0,0,0,1
1024,1034,C0426585,0,0,0,0,1
1025,1035,C0043094,0,0,0,0,1
1026,1036,C0037199,0,0,0,0,1
1027,1037,C0424000,0,0,0,0,1
1028,1038,C0424573,0,0,0,0,1
1029,1039,C0235160,0,0,0,0,1
1030,1040,C3887611,0,0,0,0,1
1031,1041,C2981158,0,0,0,0,1
1032,1042,C0013144,0,0,0,0,1
1033,1043,C0234019,0,0,0,0,1
1034,1044,C0917801,0,0,0,0,1
1035,1045,C0423044,0,0,0,0,1
1036,1046,C0392171,0,0,0,0,1
1037,1047,C0581879,0,0,0,0,1
1038,1048,C0557875,0,0,0,0,1
1039,1049,C0086769,0,0,0,0,1
1040,1050,C2129214,0,0,0,0,1
1041,1051,C0037316,0,0,0,0,1
1042,1052,C0000765,0,0,0,0,1
1043,1053,C0027497,0,0,0,0,1
1044,1054,C0036902,0,0,0,0,1
1045,1055,C0037199,0,0,0,0,1
1046,1056,C0018834,0,0,0,0,1
1047,1057,C0581879,0,0,0,0,1
1048,1058,C0578994,0,0,0,0,1
1049,1059,C0575805,0,0,0,0,1
1050,1060,C0392171,0,0,0,0,1
1051,1061,C3887611,0,0,0,0,1
1052,1062,C0424000,0,0,0,0,1
1053,1063,C0392171,0,0,0,0,1
1054,1064,C0344375,0,0,0,0,1
1055,1065,C0344232,0,0,0,0,1
1056,1066,C0424555,0,0,0,0,1
1057,1067,C0425251,0,0,0,0,1
1058,1068,C0564216,0,0,0,0,1
1059,1069,C0542313,0,0,0,0,1
1060,1070,C0424557,0,0,0,0,1
1061,1071,C0038990,0,0,0,0,1
1062,1072,C0392171,0,0,0,0,1
1063,1073,C0392171,0,0,0,0,1
1064,1074,C0038661,0,0,0,0,1
1065,1075,C0581879,0,0,0,0,1
1066,1076,C0235198,0,0,0,0,1
1067,1077,C0578994,0,0,0,0,1
1068,1078,C1527304,0,0,0,0,1
1069,1079,C3672010,0,0,0,0,1
1070,1080,C0577027,0,0,0,0,1
1071,1081,C0234019,0,0,0,0,1
1072,1082,C0000765,0,0,0,0,1
1073,1083,C0425251,0,0,0,0,1
1074,1084,C0554978,0,0,0,0,1
1075,1085,C0037199,0,0,0,0,1
1076,1086,C0581879,0,0,0,0,1
1077,1087,C0583786,0,0,0,0,1
1078,1088,C0000765,0,0,0,0,1
1079,1089,C0043094,0,0,0,0,1
1080,1090,C0027497,0,0,0,0,1
1081,1091,C0038990,0,0,0,0,1
1082,1092,C0564408,0,0,0,0,1
1083,1093,C0581879,0,0,0,0,1
1084,1094,C0554978,0,0,0,0,1
1085,1095,C0557875,0,0,0,0,1
1086,1096,C0085632,0,0,0,0,1
1087,1097,C0037199,0,0,0,0,1
1088,1098,C0424329,0,0,0,0,1
1089,1099,C0019993,0,0,0,0,1
1090,1100,C0578026,0,0,0,0,1
1091,1101,C0424091,0,0,0,0,1
1092,1102,C0522179,0,0,0,0,1
1093,1103,C0578994,0,0,0,0,1
1094,1104,C0554978,0,0,0,0,1
1095,1105,C0037199,0,0,0,0,1
1096,1106,C0024031,0,0,0,0,1
1097,1107,C0000765,0,0,0,0,1
1098,1108,C0558077,0,0,0,0,1
1099,1109,C0013473,0,0,0,0,1
1100,1110,C0006325,0,0,0,0,1
1101,1111,C0028084,0,0,0,0,1
1102,1112,C0028084,0,0,0,0,1
1103,1113,C0028084,0,0,0,0,1
1104,1115,C0557875,0,0,0,0,1
1105,1116,C0850674,0,0,0,0,1
1106,1117,C0424112,0,0,0,0,1
1107,1118,C0234019,0,0,0,0,1
1108,1119,C0581879,0,0,0,0,1
1109,1120,C0232197,0,0,0,0,1
1110,1121,C0028084,0,0,0,0,1
1111,1122,C0233488,0,0,0,0,1
1112,1123,C0085633,0,0,0,0,1
1113,1124,C0701811,0,0,0,0,1
1114,1125,C0581879,0,0,0,0,1
1115,1126,C0037199,0,0,0,0,1
1116,1127,C0038506,0,0,0,0,1
1117,1128,C0542313,0,0,0,0,1
1118,1130,C0278180,0,0,0,0,1
1119,1131,C0037199,0,0,0,0,1
1120,1132,C0038661,0,0,0,0,1
1121,1133,C0235160,0,0,0,0,1
1122,1134,C0581879,0,0,0,0,1
1123,1135,C0235283,0,0,0,0,1
1124,1136,C0581879,0,0,0,0,1
1125,1137,C0037199,0,0,0,0,1
1126,1138,C0239882,0,0,0,0,1
1127,1139,C0015672,0,0,0,0,1
1128,1140,C0024517,0,0,0,0,1
1129,1141,C0578994,0,0,0,0,1
1130,1142,C0037199,0,0,0,0,1
1131,1143,C0392171,0,0,0,0,1
1132,1144,C0583786,0,0,0,0,1
1133,1145,C0423044,0,0,0,0,1
1134,1146,C0455204,0,0,0,0,1
1135,1147,C0235160,0,0,0,0,1
1136,1148,C0233408,0,0,0,0,1
1137,1149,C0424573,0,0,0,0,1
1138,1150,C0037199,0,0,0,0,1
1139,1151,C0037199,0,0,0,0,1
1140,1152,C0235160,0,0,0,0,1
1141,1153,C0019993,0,0,0,0,1
1142,1154,C0392171,0,0,0,0,1
1143,1155,C0233484,0,0,0,0,1
1144,1156,C4075722,0,0,0,0,1
1145,1157,C0581879,0,0,0,0,1
1146,1158,C0038506,0,0,0,0,1
1147,1159,C0037199,0,0,0,0,1
1148,1160,C0016770,0,0,0,0,1
1149,1161,C0392171,0,0,0,0,1
1150,1162,C0425101,0,0,0,0,1
1151,1163,C0024517,0,0,0,0,1
1152,1164,C0029944,0,0,0,0,1
1153,1165,C0000765,0,0,0,0,1
1154,1166,C0027497,0,0,0,0,1
1155,1167,C0425251,0,0,0,0,1
1156,1168,C0392171,0,0,0,0,1
1157,1169,C0344232,0,0,0,0,1
1158,1170,C0456820,0,0,0,0,1
1159,1171,C0281856,0,0,0,0,1
1160,1172,C0038990,0,0,0,0,1
1161,1173,C0003467,0,0,0,0,1
1162,1174,C0036104,0,0,0,0,1
1163,1175,C0028081,0,0,0,0,1
1164,1176,C0015672,0,0,0,0,1
1165,1177,C0017168,0,0,0,0,1
1166,1178,C0037199,0,0,0,0,1
1167,1179,C0233408,0,0,0,0,1
1168,1180,C0520547,0,0,0,0,1
1169,1181,C0581879,0,0,0,0,1
1170,1182,C0564821,0,0,0,0,1
1171,1184,C0000765,0,0,0,0,1
1172,1185,C0086769,0,0,0,0,1
1173,1186,C0085631,0,0,0,0,1
1174,1187,C0856672,0,0,0,0,1
1175,1188,C0344375,0,0,0,0,1
1176,1189,C0583786,0,0,0,0,1
1177,1190,C0569700,0,0,0,0,1
1178,1191,C0677661,0,0,0,0,1
1179,1192,C0003467,0,0,0,0,1
1180,1193,C0677661,0,0,0,0,1
1181,1194,C0558077,0,0,0,0,1
1182,1195,C0037199,0,0,0,0,1
1183,1196,C0677661,0,0,0,0,1
1184,1197,C0027497,0,0,0,0,1
1185,1198,C0233407,0,0,0,0,1
1186,1199,C0018681,0,0,0,0,1
1187,1200,C0497247,0,0,0,0,1
1188,1201,C0037199,0,0,0,0,1
1189,1202,C0037199,0,0,0,0,1
1190,1203,C0019993,0,0,0,0,1
1191,1204,C0003467,0,0,0,0,1
1192,1205,C0037199,0,0,0,0,1
1193,1206,C0037199,0,0,0,0,1
1194,1207,C0424158,0,0,0,0,1
1195,1208,C0557875,0,0,0,0,1
1196,1209,C0456820,0,0,0,0,1
1197,1210,C0560617,0,0,0,0,1
1198,1211,C0035258,0,0,0,0,1
1199,1212,C0038990,0,0,0,0,1
1200,1213,C1562291,0,0,0,0,1
1201,1214,C0015672,0,0,0,0,1
1202,1215,C0424110,0,0,0,0,1
1203,1216,C0581879,0,0,0,0,1
1204,1217,C0392171,0,0,0,0,1
1205,1218,C0424117,0,0,0,0,1
1206,1219,C4075722,0,0,0,0,1
1207,1220,C0278016,0,0,0,0,1
1208,1221,C0424000,0,0,0,0,1
1209,1222,C0027497,0,0,0,0,1
1210,1223,C0027497,0,0,0,0,1
1211,1224,C0232534,0,0,0,0,1
1212,1225,C0857087,0,0,0,0,1
1213,1226,C0578994,0,0,0,0,1
1214,1227,C0424329,0,0,0,0,1
1215,1228,C0037199,0,0,0,0,1
1216,1229,C0392171,0,0,0,0,1
1217,1230,C0027497,0,0,0,0,1
1218,1231,C0338481,0,0,0,0,1
1219,1232,C0037199,0,0,0,0,1
1220,1233,C0581879,0,0,0,0,1
1221,1234,C0085628,0,0,0,0,1
1222,1235,C0701811,0,0,0,0,1
1223,1236,C0012833,0,0,0,0,1
1224,1237,C0917801,0,0,0,0,1
1225,1238,C0038663,0,0,0,0,1
1226,1239,C0455204,0,0,0,0,1
1227,1240,C0085633,0,0,0,0,1
1228,1241,C0424091,0,0,0,0,1
1229,1242,C0003862,0,0,0,0,1
1230,1243,C0003862,0,0,0,0,1
1231,1244,C0037320,0,0,0,0,1
1232,1245,C0392171,0,0,0,0,1
1233,1246,C0563717,0,0,0,0,1
1234,1247,C0424323,0,0,0,0,1
1235,1248,C0037199,0,0,0,0,1
1236,1249,C0392171,0,0,0,0,1
1237,1250,C0455769,0,0,0,0,1
1238,1251,C0424565,0,0,0,0,1
1239,1252,C0028081,0,0,0,0,1
1240,1253,C0581879,0,0,0,0,1
1241,1254,C0701811,0,0,0,0,1
1242,1255,C0455769,0,0,0,0,1
1243,1256,C0425769,0,0,0,0,1
1244,1257,C0029944,0,0,0,0,1
1245,1258,C0037199,0,0,0,0,1
1246,1259,C0000765,0,0,0,0,1
1247,1260,C0581879,0,0,0,0,1
1248,1261,C0392171,0,0,0,0,1
1249,1262,C0027497,0,0,0,0,1
1250,1263,C0677661,0,0,0,0,1
1251,1264,C0233484,0,0,0,0,1
1252,1265,C0583786,0,0,0,0,1
1253,1266,C0024031,0,0,0,0,1
1254,1267,C0038661,0,0,0,0,1
1255,1268,C0038663,0,0,0,0,1
1256,1269,C0231247,0,0,0,0,1
1257,1270,C0557875,0,0,0,0,1
1258,1271,C0233624,0,0,0,0,1
1259,1272,C0557875,0,0,0,0,1
1260,1273,C1971624,0,0,0,0,1
1261,1274,C0262630,0,0,0,0,1
1262,1275,C0393761,0,0,0,0,1
1263,1276,C0234019,0,0,0,0,1
1264,1277,C0028081,0,0,0,0,1
1265,1278,C0278016,0,0,0,0,1
1266,1279,C0558077,0,0,0,0,1
1267,1280,C0037199,0,0,0,0,1
1268,1281,C0586741,0,0,0,0,1
1269,1282,C0037199,0,0,0,0,1
1270,1283,C0037317,0,0,0,0,1
1271,1284,C0023380,0,0,0,0,1
1272,1285,C0557875,0,0,0,0,1
1273,1286,C0000765,0,0,0,0,1
1274,1287,C0233484,0,0,0,0,1
1275,1288,C0150041,0,0,0,0,1
1276,1289,C0009806,0,0,0,0,1
1277,1290,C0241981,0,0,0,0,1
1278,1291,C0011057,0,0,0,0,1
1279,1292,C0557455,0,0,0,0,1
1280,1293,C0860645,0,0,0,0,1
1281,1294,C0233484,0,0,0,0,1
1282,1295,C1527304,0,0,0,0,1
1283,1296,C0917801,0,0,0,0,1
1284,1297,C0557875,0,0,0,0,1
1285,1298,C0013144,0,0,0,0,1
1286,1299,C0009806,0,0,0,0,1
1287,1300,C0037199,0,0,0,0,1
1288,1301,C0003467,0,0,0,0,1
1289,1302,C0010399,0,0,0,0,1
1290,1303,C0860645,0,0,0,0,1
1291,1304,C0557875,0,0,0,0,1
1292,1305,C0005911,0,0,0,0,1
1293,1306,C0037199,0,0,0,0,1
1294,1307,C0029944,0,0,0,0,1
1295,1308,C0455204,0,0,0,0,1
1296,1309,C0015672,0,0,0,0,1
1297,1310,C0015672,0,0,0,0,1
1298,1311,C0564408,0,0,0,0,1
1299,1312,C0024517,0,0,0,0,1
1300,1313,C0857087,0,0,0,0,1
1301,1314,C0037199,0,0,0,0,1
1302,1315,C0857087,0,0,0,0,1
1303,1316,C0857087,0,0,0,0,1
1304,1317,C0037199,0,0,0,0,1
1305,1318,C0003467,0,0,0,0,1
1306,1319,C0037199,0,0,0,0,1
1307,1320,C0701812,0,0,0,0,1
1308,1321,C0027497,0,0,0,0,1
1309,1322,C0393761,0,0,0,0,1
1310,1323,C0392171,0,0,0,0,1
1311,1324,C0037199,0,0,0,0,1
1312,1325,C4075722,0,0,0,0,1
1313,1326,C0233408,0,0,0,0,1
1314,1327,C0424573,0,0,0,0,1
1315,1328,C0917801,0,0,0,0,1
1316,1329,C1971624,0,0,0,0,1
1317,1330,C2981158,0,0,0,0,1
1318,1331,C0424565,0,0,0,0,1
1319,1332,C0028081,0,0,0,0,1
1320,1333,C0028081,0,0,0,0,1
1321,1334,C0456820,0,0,0,0,1
1322,1335,C0233484,0,0,0,0,1
1323,1336,C4074971,0,0,0,0,1
1324,1337,C0392171,0,0,0,0,1
1325,1338,C0425769,0,0,0,0,1
1326,1339,C0277960,0,0,0,0,1
1327,1340,C0000765,0,0,0,0,1
1328,1341,C0029944,0,0,0,0,1
1329,1342,C0037199,0,0,0,0,1
1330,1343,C0002957,0,0,0,0,1
1331,1344,C0455204,0,0,0,0,1
1332,1345,C0038990,0,0,0,0,1
1333,1346,C0581394,0,0,0,0,1
1334,1347,C0037199,0,0,0,0,1
1335,1348,C0425101,0,0,0,0,1
1336,1349,C0037199,0,0,0,0,1
1337,1350,C0558078,0,0,0,0,1
1338,1351,C0037199,0,0,0,0,1
1339,1352,C1562291,0,0,0,0,1
1340,1353,C0037199,0,0,0,0,1
1341,1354,C0000765,0,0,0,0,1
1342,1355,C0701811,0,0,0,0,1
1343,1356,C0037199,0,0,0,0,1
1344,1357,C0425766,0,0,0,0,1
1345,1358,C0026858,0,0,0,0,1
1346,1359,C0558185,0,0,0,0,1
1347,1360,C0232487,0,0,0,0,1
1348,1361,C0344375,0,0,0,0,1
1349,1362,C0038990,0,0,0,0,1
1350,1363,C0011124,0,0,0,0,1
1351,1364,C0038990,0,0,0,0,1
1352,1365,C0232431,0,0,0,0,1
1353,1366,C0857087,0,0,0,0,1
1354,1367,C0701811,0,0,0,0,1
1355,1368,C0015672,0,0,0,0,1
1356,1369,C0425251,0,0,0,0,1
1357,1370,C0029944,0,0,0,0,1
1358,1371,C0413862,0,0,0,0,1
1359,1372,C0424099,0,0,0,0,1
1360,1373,C0425766,0,0,0,0,1
1361,1374,C0578994,0,0,0,0,1
1362,1375,C0234019,0,0,0,0,1
1363,1376,C0424573,0,0,0,0,1
1364,1377,C0043094,0,0,0,0,1
1365,1378,C0233484,0,0,0,0,1
1366,1379,C0234019,0,0,0,0,1
1367,1380,C0583786,0,0,0,0,1
1368,1381,C0037199,0,0,0,0,1
1369,1382,C0578994,0,0,0,0,1
1370,1383,C0027497,0,0,0,0,1
1371,1384,C0455769,0,0,0,0,1
1372,1385,C4075722,0,0,0,0,1
1373,1386,C0278016,0,0,0,0,1
1374,1387,C0424158,0,0,0,0,1
1375,1388,C0424112,0,0,0,0,1
1376,1389,C0030252,0,0,0,0,1
1377,1390,C0156404,0,0,0,0,1
1378,1391,C0392171,0,0,0,0,1
1379,1392,C1971624,0,0,0,0,1
1380,1393,C0037199,0,0,0,0,1
1381,1394,C0424158,0,0,0,0,1
1382,1395,C0558127,0,0,0,0,1
1383,1396,C0392171,0,0,0,0,1
1384,1397,C0557875,0,0,0,0,1
1385,1398,C0009806,0,0,0,0,1
1386,1399,C0237314,0,0,0,0,1
1387,1400,C0037199,0,0,0,0,1
1388,1401,C0220870,0,0,0,0,1
1389,1402,C0497247,0,0,0,0,1
1390,1403,C0456820,0,0,0,0,1
1391,1404,C0149745,0,0,0,0,1
1392,1405,C0037199,0,0,0,0,1
1393,1406,C0239832,0,0,0,0,1
1394,1407,C0015672,0,0,0,0,1
1395,1408,C0497406,0,0,0,0,1
1396,1409,C0701811,0,0,0,0,1
1397,1410,C0028081,0,0,0,0,1
1398,1411,C1688635,0,0,0,0,1
1399,1412,C0701810,0,0,0,0,1
1400,1413,C0554978,0,0,0,0,1
1401,1414,C0037199,0,0,0,0,1
1402,1415,C0497406,0,0,0,0,1
1403,1416,C0037199,0,0,0,0,1
1404,1417,C0037199,0,0,0,0,1
1405,1418,C0233408,0,0,0,0,1
1406,1419,C0278016,0,0,0,0,1
1407,1420,C0029944,0,0,0,0,1
1408,1421,C0578026,0,0,0,0,1
1409,1422,C0043094,0,0,0,0,1
1410,1423,C0029944,0,0,0,0,1
1411,1424,C0037199,0,0,0,0,1
1412,1425,C0860645,0,0,0,0,1
1413,1426,C0007859,0,0,0,0,1
1414,1427,C0314719,0,0,0,0,1
1415,1428,C0314719,0,0,0,0,1
1416,1429,C0235160,0,0,0,0,1
1417,1430,C0239882,0,0,0,0,1
1418,1431,C0235234,0,0,0,0,1
1419,1432,C1298942,0,0,0,0,1
1420,1433,C0393760,0,0,0,0,1
1421,1434,C0578026,0,0,0,0,1
1422,1435,C0542313,0,0,0,0,1
1423,1436,C0037316,0,0,0,0,1
1424,1437,C0233408,0,0,0,0,1
1425,1438,C0425251,0,0,0,0,1
1426,1439,C0860645,0,0,0,0,1
1427,1440,C0233484,0,0,0,0,1
1428,1441,C0028081,0,0,0,0,1
1429,1442,C0240327,0,0,0,0,1
1430,1443,C0037199,0,0,0,0,1
1431,1444,C0392171,0,0,0,0,1
1432,1445,C0000765,0,0,0,0,1
1433,1446,C0009806,0,0,0,0,1
1434,1447,C0233408,0,0,0,0,1
1435,1448,C0583786,0,0,0,0,1
1436,1449,C0392674,0,0,0,0,1
1437,1450,C0086769,0,0,0,0,1
1438,1451,C0024517,0,0,0,0,1
1439,1452,C0424431,0,0,0,0,1
1440,1453,C0558077,0,0,0,0,1
1441,1454,C0235309,0,0,0,0,1
1442,1455,C0037199,0,0,0,0,1
1443,1456,C0235309,0,0,0,0,1
1444,1457,C0344232,0,0,0,0,1
1445,1458,C2981158,0,0,0,0,1
1446,1459,C0037199,0,0,0,0,1
1447,1460,C0037199,0,0,0,0,1
1448,1461,C2981158,0,0,0,0,1
1449,1462,C0027497,0,0,0,0,1
1450,1463,C0233471,0,0,0,0,1
1451,1464,C0028081,0,0,0,0,1
1452,1465,C2981158,0,0,0,0,1
1453,1466,C0277960,0,0,0,0,1
1454,1467,C0009806,0,0,0,0,1
1455,1468,C0424099,0,0,0,0,1
1456,1469,C0701811,0,0,0,0,1
1457,1470,C0424091,0,0,0,0,1
1458,1471,C0424091,0,0,0,0,1
1459,1472,C0424091,0,0,0,0,1
1460,1473,C1443924,0,0,0,0,1
1461,1474,C0232487,0,0,0,0,1
1462,1475,C0581879,0,0,0,0,1
1463,1476,C0028081,0,0,0,0,1
1464,1477,C0581879,0,0,0,0,1
1465,1478,C0028081,0,0,0,0,1
1466,1479,C0028081,0,0,0,0,1
1467,1480,C0027497,0,0,0,0,1
1468,1481,C0424573,0,0,0,0,1
1469,1482,C0037199,0,0,0,0,1
1470,1483,C0557875,0,0,0,0,1
1471,1484,C0581881,0,0,0,0,1
1472,1485,C0235050,0,0,0,0,1
1473,1486,C0239882,0,0,0,0,1
1474,1487,C0028081,0,0,0,0,1
1475,1488,C0009806,0,0,0,0,1
1476,1489,C0037199,0,0,0,0,1
1477,1490,C0013144,0,0,0,0,1
1478,1491,C0037199,0,0,0,0,1
1479,1492,C0239882,0,0,0,0,1
1480,1494,C0586746,0,0,0,0,1
1481,1495,C0037199,0,0,0,0,1
1482,1496,C0037199,0,0,0,0,1
1483,1497,C0578994,0,0,0,0,1
1484,1498,C0277960,0,0,0,0,1
1485,1499,C0037199,0,0,0,0,1
1486,1500,C0027497,0,0,0,0,1
1487,1501,C0043387,0,0,0,0,1
1488,1502,C0033774,0,0,0,0,1
1489,1503,C0860645,0,0,0,0,1
1490,1504,C1262477,0,0,0,0,1
1491,1505,C0011991,0,0,0,0,1
1492,1506,C0424939,0,0,0,0,1
1493,1507,C0455769,0,0,0,0,1
1494,1508,C0037199,0,0,0,0,1
1495,1509,C0085593,0,0,0,0,1
1496,1510,C0029944,0,0,0,0,1
1497,1511,C0085593,0,0,0,0,1
1498,1512,C1262477,0,0,0,0,1
1499,1513,C0393760,0,0,0,0,1
1500,1514,C0235239,0,0,0,0,1
1501,1515,C0038990,0,0,0,0,1
1502,1516,C0239978,0,0,0,0,1
1503,1517,C0239978,0,0,0,0,1
1504,1518,C0027497,0,0,0,0,1
1505,1519,C0578994,0,0,0,0,1
1506,1520,C0000765,0,0,0,0,1
1507,1521,C0424573,0,0,0,0,1
1508,1522,C1971624,0,0,0,0,1
1509,1523,C0029944,0,0,0,0,1
1510,1524,C0027497,0,0,0,0,1
1511,1525,C0232462,0,0,0,0,1
1512,1526,C0406223,0,0,0,0,1
1513,1527,C0522058,0,0,0,0,1
1514,1528,C0028081,0,0,0,0,1
1515,1529,C0581879,0,0,0,0,1
1516,1530,C0424158,0,0,0,0,1
1517,1531,C0232431,0,0,0,0,1
1518,1532,C0234019,0,0,0,0,1
1519,1533,C0015967,0,0,0,0,1
1520,1534,C0009806,0,0,0,0,1
1521,1535,C0557875,0,0,0,0,1
1522,1536,C0917801,0,0,0,0,1
1523,1537,C0344232,0,0,0,0,1
1524,1538,C0344375,0,0,0,0,1
1525,1539,C0043387,0,0,0,0,1
1526,1540,C0241729,0,0,0,0,1
1527,1541,C0004604,0,0,0,0,1
1528,1542,C0232462,0,0,0,0,1
1529,1543,C0027497,0,0,0,0,1
1530,1544,C4075722,0,0,0,0,1
1531,1545,C0427068,0,0,0,0,1
1532,1546,C0037199,0,0,0,0,1
1533,1547,C0277960,0,0,0,0,1
1534,1548,C0029944,0,0,0,0,1
1535,1549,C0038990,0,0,0,0,1
1536,1550,C0232431,0,0,0,0,1
1537,1551,C0015672,0,0,0,0,1
1538,1552,C4075722,0,0,0,0,1
1539,1553,C0455270,0,0,0,0,1
1540,1554,C0028084,0,0,0,0,1
1541,1555,C0278209,0,0,0,0,1
1542,1556,C0003467,0,0,0,0,1
1543,1557,C0234019,0,0,0,0,1
1544,1558,C0557875,0,0,0,0,1
1545,1559,C0086769,0,0,0,0,1
1546,1560,C0235160,0,0,0,0,1
1547,1561,C0424431,0,0,0,0,1
1548,1562,C0037199,0,0,0,0,1
1549,1563,C4075722,0,0,0,0,1
1550,1564,C0578026,0,0,0,0,1
1551,1565,C0004604,0,0,0,0,1
1552,1566,C0027497,0,0,0,0,1
1553,1567,C0277960,0,0,0,0,1
1554,1568,C0558077,0,0,0,0,1
1555,1569,C0677661,0,0,0,0,1
1556,1570,C0027497,0,0,0,0,1
1557,1571,C0028081,0,0,0,0,1
1558,1572,C1262477,0,0,0,0,1
1559,1573,C0009806,0,0,0,0,1
1560,1575,C0000765,0,0,0,0,1
1561,1576,C0000765,0,0,0,0,1
1562,1577,C0557878,0,0,0,0,1
1563,1578,C0277960,0,0,0,0,1
1564,1579,C0027497,0,0,0,0,1
1565,1580,C0009806,0,0,0,0,1
1566,1581,C0424565,0,0,0,0,1
1567,1582,C0917801,0,0,0,0,1
1568,1583,C0235108,0,0,0,0,1
1569,1584,C4074950,0,0,0,0,1
1570,1585,C0232448,0,0,0,0,1
1571,1586,C0032227,0,0,0,0,1
1572,1587,C0393761,0,0,0,0,1
1573,1588,C0917801,0,0,0,0,1
1574,1589,C0917801,0,0,0,0,1
1575,1590,C0581879,0,0,0,0,1
1576,1591,C0043094,0,0,0,0,1
1577,1592,C0027497,0,0,0,0,1
1578,1593,C0557878,0,0,0,0,1
1579,1594,C0234019,0,0,0,0,1
1580,1595,C0027497,0,0,0,0,1
1581,1596,C0281822,0,0,0,0,1
1582,1597,C0701810,0,0,0,0,1
1583,1598,C0037199,0,0,0,0,1
1584,1599,C0027497,0,0,0,0,1
1585,1600,C0013473,0,0,0,0,1
1586,1601,C0428895,0,0,0,0,1
1587,1602,C0392171,0,0,0,0,1
1588,1603,C0027497,0,0,0,0,1
1589,1604,C0018681,0,0,0,0,1
1590,1605,C4074950,0,0,0,0,1
1591,1606,C0277960,0,0,0,0,1
1592,1607,C0013473,0,0,0,0,1
1593,1608,C0018681,0,0,0,0,1
1594,1609,C0558077,0,0,0,0,1
1595,1610,C0028081,0,0,0,0,1
1596,1611,C0522165,0,0,0,0,1
1597,1612,C0018616,0,0,0,0,1
1598,1613,C0277960,0,0,0,0,1
1599,1614,C0424557,0,0,0,0,1
1600,1615,C0231403,0,0,0,0,1
1601,1616,C0392171,0,0,0,0,1
1602,1617,C0016204,0,0,0,0,1
1603,1618,C0557386,0,0,0,0,1
1604,1619,C0040264,0,0,0,0,1
1605,1620,C0035258,0,0,0,0,1
1606,1621,C0557875,0,0,0,0,1
1607,1622,C0557875,0,0,0,0,1
1608,1623,C0009806,0,0,0,0,1
1609,1624,C0000765,0,0,0,0,1
1610,1625,C0425101,0,0,0,0,1
1611,1626,C0027497,0,0,0,0,1
1612,1627,C0037199,0,0,0,0,1
1613,1628,C0027497,0,0,0,0,1
1614,1629,C0277960,0,0,0,0,1
1615,1630,C0037199,0,0,0,0,1
1616,1631,C0043094,0,0,0,0,1
1617,1632,C0425251,0,0,0,0,1
1618,1633,C0231247,0,0,0,0,1
1619,1634,C0522365,0,0,0,0,1
1620,1635,C0586746,0,0,0,0,1
1621,1636,C0233408,0,0,0,0,1
1622,1637,C0424573,0,0,0,0,1
1623,1638,C0277960,0,0,0,0,1
1624,1639,C0586746,0,0,0,0,1
1625,1640,C0393760,0,0,0,0,1
1626,1641,C0424573,0,0,0,0,1
1627,1642,C0392171,0,0,0,0,1
1628,1643,C0239832,0,0,0,0,1
1629,1644,C0037199,0,0,0,0,1
1630,1645,C0557878,0,0,0,0,1
1631,1646,C0027497,0,0,0,0,1
1632,1647,C1443924,0,0,0,0,1
1633,1648,C0234019,0,0,0,0,1
1634,1649,C0424095,0,0,0,0,1
1635,1650,C0037199,0,0,0,0,1
1636,1651,C0009806,0,0,0,0,1
1637,1652,C0027497,0,0,0,0,1
1638,1653,C0860645,0,0,0,0,1
1639,1654,C0235160,0,0,0,0,1
1640,1655,C0029944,0,0,0,0,1
1641,1656,C0027497,0,0,0,0,1
1642,1657,C0917801,0,0,0,0,1
1643,1658,C0006325,0,0,0,0,1
1644,1659,C0009806,0,0,0,0,1
1645,1660,C0037199,0,0,0,0,1
1646,1661,C0455270,0,0,0,0,1
1647,1662,C0231247,0,0,0,0,1
1648,1663,C0917801,0,0,0,0,1
1649,1664,C0234047,0,0,0,0,1
1650,1665,C0234047,0,0,0,0,1
1651,1666,C0860645,0,0,0,0,1
1652,1667,C0235160,0,0,0,0,1
1653,1668,C0011124,0,0,0,0,1
1654,1669,C0314719,0,0,0,0,1
1655,1670,C0013144,0,0,0,0,1
1656,1671,C0314719,0,0,0,0,1
1657,1672,C0027497,0,0,0,0,1
1658,1673,C0043094,0,0,0,0,1
1659,1674,C0027497,0,0,0,0,1
1660,1675,C0043094,0,0,0,0,1
1661,1676,C0424142,0,0,0,0,1
1662,1677,C0043094,0,0,0,0,1
1663,1678,C0003467,0,0,0,0,1
1664,1679,C0037199,0,0,0,0,1
1665,1680,C3495011,0,0,0,0,1
1666,1681,C0558077,0,0,0,0,1
1667,1682,C0581879,0,0,0,0,1
1668,1683,C0000765,0,0,0,0,1
1669,1684,C0024517,0,0,0,0,1
1670,1685,C2958630,0,0,0,0,1
1671,1686,C0456820,0,0,0,0,1
1672,1687,C0029944,0,0,0,0,1
1673,1688,C0085633,0,0,0,0,1
1674,1689,C0016382,0,0,0,0,1
1675,1690,C0013144,0,0,0,0,1
1676,1691,C0232124,0,0,0,0,1
1677,1692,C0232124,0,0,0,0,1
1678,1693,C0520913,0,0,0,0,1
1679,1694,C0003467,0,0,0,0,1
1680,1695,C0522179,0,0,0,0,1
1681,1696,C0156404,0,0,0,0,1
1682,1697,C0011860,0,0,0,0,1
1683,1698,C0456820,0,0,0,0,1
1684,1699,C0002871,0,0,0,0,1
1685,1700,C0037199,0,0,0,0,1
1686,1701,C0314719,0,0,0,0,1
1687,1702,C0424565,0,0,0,0,1
1688,1703,C0233408,0,0,0,0,1
1689,1704,C0557875,0,0,0,0,1
1690,1705,C0036902,0,0,0,0,1
1691,1706,C0024031,0,0,0,0,1
1692,1707,C0029944,0,0,0,0,1
1693,1708,C0694551,0,0,0,0,1
1694,1709,C0004604,0,0,0,0,1
1695,1710,C0037199,0,0,0,0,1
1696,1711,C0233408,0,0,0,0,1
1697,1712,C0600142,0,0,0,0,1
1698,1713,C0151786,0,0,0,0,1
1699,1714,C0424366,0,0,0,0,1
1700,1715,C0424110,0,0,0,0,1
1701,1716,C0043094,0,0,0,0,1
1702,1717,C0860645,0,0,0,0,1
1703,1718,C2981158,0,0,0,0,1
1704,1719,C0456820,0,0,0,0,1
1705,1720,C0024517,0,0,0,0,1
1706,1721,C0000765,0,0,0,0,1
1707,1722,C0234019,0,0,0,0,1
1708,1723,C0037199,0,0,0,0,1
1709,1724,C0234047,0,0,0,0,1
1710,1725,C0037199,0,0,0,0,1
1711,1726,C0456820,0,0,0,0,1
1712,1727,C0037199,0,0,0,0,1
1713,1728,C0455769,0,0,0,0,1
1714,1729,C0455769,0,0,0,0,1
1715,1730,C0240735,0,0,0,0,1
1716,1731,C0232461,0,0,0,0,1
1717,1732,C0240735,0,0,0,0,1
1718,1733,C0011860,0,0,0,0,1
1719,1734,C0425101,0,0,0,0,1
1720,1735,C0029944,0,0,0,0,1
1721,1736,C0425766,0,0,0,0,1
1722,1737,C0701810,0,0,0,0,1
1723,1738,C0240941,0,0,0,0,1
1724,1739,C1291077,0,0,0,0,1
1725,1740,C0038990,0,0,0,0,1
1726,1741,C0000765,0,0,0,0,1
1727,1742,C0012833,0,0,0,0,1
1728,1743,C0392171,0,0,0,0,1
1729,1744,C0555026,0,0,0,0,1
1730,1745,C0151315,0,0,0,0,1
1731,1746,C0151786,0,0,0,0,1
1732,1747,C0232461,0,0,0,0,1
1733,1748,C0038661,0,0,0,0,1
1734,1749,C0037199,0,0,0,0,1
1735,1750,C2364087,0,0,0,0,1
1736,1751,C0701811,0,0,0,0,1
1737,1752,C0037199,0,0,0,0,1
1738,1753,C0582093,0,0,0,0,1
1739,1754,C0424095,0,0,0,0,1
1740,1755,C0424329,0,0,0,0,1
1741,1756,C0085633,0,0,0,0,1
1742,1757,C0424329,0,0,0,0,1
1743,1758,C0917801,0,0,0,0,1
1744,1759,C0701812,0,0,0,0,1
1745,1760,C0004604,0,0,0,0,1
1746,1761,C0000765,0,0,0,0,1
1747,1762,C0043094,0,0,0,0,1
1748,1763,C0423994,0,0,0,0,1
1749,1764,C0234019,0,0,0,0,1
1750,1765,C0010399,0,0,0,0,1
1751,1766,C0234019,0,0,0,0,1
1752,1767,C0234019,0,0,0,0,1
1753,1768,C0019993,0,0,0,0,1
1754,1769,C0043094,0,0,0,0,1
1755,1770,C0278016,0,0,0,0,1
1756,1771,C0424444,0,0,0,0,1
1757,1772,C0239882,0,0,0,0,1
1758,1773,C0000765,0,0,0,0,1
1759,1774,C0241934,0,0,0,0,1
1760,1775,C0424095,0,0,0,0,1
1761,1776,C0701811,0,0,0,0,1
1762,1777,C0037199,0,0,0,0,1
1763,1778,C0043094,0,0,0,0,1
1764,1779,C0029944,0,0,0,0,1
1765,1780,C0085633,0,0,0,0,1
1766,1781,C0043094,0,0,0,0,1
1767,1782,C0003467,0,0,0,0,1
1768,1783,C0392171,0,0,0,0,1
1769,1784,C0438696,0,0,0,0,1
1770,1785,C0425766,0,0,0,0,1
1771,1786,C0581879,0,0,0,0,1
1772,1787,C0424095,0,0,0,0,1
1773,1788,C0849963,0,0,0,0,1
1774,1789,C0037199,0,0,0,0,1
1775,1790,C0037199,0,0,0,0,1
1776,1791,C0236858,0,0,0,0,1
1777,1792,C0558077,0,0,0,0,1
1778,1793,C0392674,0,0,0,0,1
1779,1794,C0030318,0,0,0,0,1
1780,1795,C0917801,0,0,0,0,1
1781,1796,C0013473,0,0,0,0,1
1782,1797,C0005826,0,0,0,0,1
1783,1798,C0423044,0,0,0,0,1
1784,1799,C0235146,0,0,0,0,1
1785,1801,C0424565,0,0,0,0,1
1786,1802,C0037199,0,0,0,0,1
1787,1803,C0234019,0,0,0,0,1
1788,1804,C0701810,0,0,0,0,1
1789,1805,C0029944,0,0,0,0,1
1790,1806,C0002170,0,0,0,0,1
1791,1807,C0028840,0,0,0,0,1
1792,1808,C0086769,0,0,0,0,1
1793,1809,C0085631,0,0,0,0,1
1794,1810,C0849963,0,0,0,0,1
1795,1811,C0003467,0,0,0,0,1
1796,1812,C0392674,0,0,0,0,1
1797,1813,C0558219,0,0,0,0,1
1798,1814,C0497406,0,0,0,0,1
1799,1815,C0549622,0,0,0,0,1
1800,1816,C0006325,0,0,0,0,1
1801,1817,C0027497,0,0,0,0,1
1802,1818,C0233408,0,0,0,0,1
1803,1819,C0011124,0,0,0,0,1
1804,1820,C0424091,0,0,0,0,1
1805,1821,C0344375,0,0,0,0,1
1806,1822,C0003467,0,0,0,0,1
1807,1823,C0241934,0,0,0,0,1
1808,1824,C0043094,0,0,0,0,1
1809,1825,C0003467,0,0,0,0,1
1810,1826,C0013473,0,0,0,0,1
1811,1827,C0038990,0,0,0,0,1
1812,1828,C0043094,0,0,0,0,1
1813,1829,C0557875,0,0,0,0,1
1814,1830,C0344315,0,0,0,0,1
1815,1831,C0023380,0,0,0,0,1
1816,1832,C0010399,0,0,0,0,1
1817,1833,C0240735,0,0,0,0,1
1818,1834,C0395016,0,0,0,0,1
1819,1835,C0392171,0,0,0,0,1
1820,1836,C0583786,0,0,0,0,1
1821,1837,C0425101,0,0,0,0,1
1822,1838,C0428895,0,0,0,0,1
1823,1839,C0558171,0,0,0,0,1
1824,1840,C0344315,0,0,0,0,1
1825,1841,C0041755,0,0,0,0,1
1826,1842,C0344232,0,0,0,0,1
1827,1844,C0701810,0,0,0,0,1
1828,1845,C0581879,0,0,0,0,1
1829,1846,C0016770,0,0,0,0,1
1830,1847,C0235160,0,0,0,0,1
1831,1848,C0233408,0,0,0,0,1
1832,1849,C0029944,0,0,0,0,1
1833,1850,C0037199,0,0,0,0,1
1834,1851,C0231247,0,0,0,0,1
1835,1852,C0857087,0,0,0,0,1
1836,1853,C0037199,0,0,0,0,1
1837,1855,C0857087,0,0,0,0,1
1838,1856,C0917801,0,0,0,0,1
1839,1857,C0424444,0,0,0,0,1
1840,1858,C0600142,0,0,0,0,1
1841,1859,C0239882,0,0,0,0,1
1842,1860,C0028084,0,0,0,0,1
1843,1861,C0149745,0,0,0,0,1
1844,1862,C0233794,0,0,0,0,1
1845,1863,C0003467,0,0,0,0,1
1846,1864,C0393760,0,0,0,0,1
1847,1865,C0344315,0,0,0,0,1
1848,1866,C0242350,0,0,0,0,1
1849,1867,C0701812,0,0,0,0,1
1850,1868,C0036902,0,0,0,0,1
1851,1869,C0558185,0,0,0,0,1
1852,1870,C0028081,0,0,0,0,1
1853,1871,C0392171,0,0,0,0,1
1854,1872,C2981158,0,0,0,0,1
1855,1873,C0233408,0,0,0,0,1
1856,1874,C0037199,0,0,0,0,1
1857,1875,C1262477,0,0,0,0,1
1858,1876,C0233484,0,0,0,0,1
1859,1877,C0278016,0,0,0,0,1
1860,1878,C0424444,0,0,0,0,1
1861,1879,C0701812,0,0,0,0,1
1862,1880,C0583786,0,0,0,0,1
1863,1881,C0041755,0,0,0,0,1
1864,1882,C0456820,0,0,0,0,1
1865,1883,C0917801,0,0,0,0,1
1866,1884,C0857087,0,0,0,0,1
1867,1885,C0234019,0,0,0,0,1
1868,1886,C0037199,0,0,0,0,1
1869,1887,C0029944,0,0,0,0,1
1870,1888,C0000765,0,0,0,0,1
1871,1889,C0860645,0,0,0,0,1
1872,1890,C0018616,0,0,0,0,1
1873,1891,C0043094,0,0,0,0,1
1874,1892,C0003467,0,0,0,0,1
1875,1893,C0231247,0,0,0,0,1
1876,1894,C0557875,0,0,0,0,1
1877,1895,C0037317,0,0,0,0,1
1878,1896,C0028081,0,0,0,0,1
1879,1897,C0424555,0,0,0,0,1
1880,1898,C0425766,0,0,0,0,1
1881,1899,C0085632,0,0,0,0,1
1882,1900,C0456820,0,0,0,0,1
1883,1901,C0542313,0,0,0,0,1
1884,1902,C0043387,0,0,0,0,1
1885,1903,C0232937,0,0,0,0,1
1886,1904,C0860645,0,0,0,0,1
1887,1905,C0424528,0,0,0,0,1
1888,1906,C0557875,0,0,0,0,1
1889,1907,C0277960,0,0,0,0,1
1890,1908,C0037199,0,0,0,0,1
1891,1909,C0277960,0,0,0,0,1
1892,1910,C0037199,0,0,0,0,1
1893,1911,C0037199,0,0,0,0,1
1894,1912,C0522058,0,0,0,0,1
1895,1913,C0241981,0,0,0,0,1
1896,1914,C0497247,0,0,0,0,1
1897,1915,C0037199,0,0,0,0,1
1898,1916,C0019993,0,0,0,0,1
1899,1917,C0235198,0,0,0,0,1
1900,1918,C0234019,0,0,0,0,1
1901,1919,C0000765,0,0,0,0,1
1902,1920,C0497406,0,0,0,0,1
1903,1921,C0037199,0,0,0,0,1
1904,1922,C0578994,0,0,0,0,1
1905,1923,C0018681,0,0,0,0,1
1906,1924,C0428895,0,0,0,0,1
1907,1925,C0028084,0,0,0,0,1
1908,1926,C0038990,0,0,0,0,1
1909,1927,C0000765,0,0,0,0,1
1910,1928,C0233818,0,0,0,0,1
1911,1929,C0524322,0,0,0,0,1
1912,1930,C1971624,0,0,0,0,1
1913,1931,C0456820,0,0,0,0,1
1914,1932,C0860645,0,0,0,0,1
1915,1933,C0038990,0,0,0,0,1
1916,1934,C0393760,0,0,0,0,1
1917,1935,C0043094,0,0,0,0,1
1918,1936,C0000765,0,0,0,0,1
1919,1937,C0564821,0,0,0,0,1
1920,1938,C0037199,0,0,0,0,1
1921,1939,C0563717,0,0,0,0,1
1922,1940,C0277960,0,0,0,0,1
1923,1941,C0028081,0,0,0,0,1
1924,1942,C0000765,0,0,0,0,1
1925,1943,C0558127,0,0,0,0,1
1926,1944,C0235160,0,0,0,0,1
1927,1945,C0701810,0,0,0,0,1
1928,1946,C0701810,0,0,0,0,1
1929,1947,C0277960,0,0,0,0,1
1930,1948,C0013473,0,0,0,0,1
1931,1949,C0578994,0,0,0,0,1
1932,1950,C2981158,0,0,0,0,1
1933,1951,C0037199,0,0,0,0,1
1934,1952,C0234019,0,0,0,0,1
1935,1953,C0043387,0,0,0,0,1
1936,1954,C0278140,0,0,0,0,1
1937,1955,C0239067,0,0,0,0,1
1938,1956,C0278140,0,0,0,0,1
1939,1957,C0456820,0,0,0,0,1
1940,1958,C0037199,0,0,0,0,1
1941,1959,C0029944,0,0,0,0,1
1942,1960,C0037317,0,0,0,0,1
1943,1961,C0262630,0,0,0,0,1
1944,1962,C0558078,0,0,0,0,1
1945,1963,C0028081,0,0,0,0,1
1946,1964,C0549622,0,0,0,0,1
1947,1965,C0028081,0,0,0,0,1
1948,1966,C0701810,0,0,0,0,1
1949,1967,C0425766,0,0,0,0,1
1950,1968,C0038990,0,0,0,0,1
1951,1969,C0009806,0,0,0,0,1
1952,1970,C0583786,0,0,0,0,1
1953,1971,C0018681,0,0,0,0,1
1954,1972,C0392674,0,0,0,0,1
1955,1973,C1971624,0,0,0,0,1
1956,1974,C0012833,0,0,0,0,1
1957,1975,C0027497,0,0,0,0,1
1958,1976,C0232431,0,0,0,0,1
1959,1977,C0234019,0,0,0,0,1
1960,1978,C0035258,0,0,0,0,1
1961,1979,C0043387,0,0,0,0,1
1962,1980,C4075722,0,0,0,0,1
1963,1981,C0043094,0,0,0,0,1
1964,1982,C0027497,0,0,0,0,1
1965,1983,C0582093,0,0,0,0,1
1966,1984,C0582093,0,0,0,0,1
1967,1985,C0392171,0,0,0,0,1
1968,1986,C0393760,0,0,0,0,1
1969,1987,C0037944,0,0,0,0,1
1970,1988,C0575805,0,0,0,0,1
1971,1989,C0037199,0,0,0,0,1
1972,1990,C0012833,0,0,0,0,1
1973,1991,C0557878,0,0,0,0,1
1974,1992,C0393760,0,0,0,0,1
1975,1993,C0497406,0,0,0,0,1
1976,1994,C0424329,0,0,0,0,1
1977,1995,C0040822,0,0,0,0,1
1978,1996,C0028081,0,0,0,0,1
1979,1997,C0028081,0,0,0,0,1
1980,1998,C0558261,0,0,0,0,1
1981,1999,C0425101,0,0,0,0,1
1982,2000,C0037199,0,0,0,0,1
1983,2001,C0156404,0,0,0,0,1
1984,2002,C0003467,0,0,0,0,1
1985,2003,C0581879,0,0,0,0,1
1986,2004,C0043387,0,0,0,0,1
1987,2005,C0393760,0,0,0,0,1
1988,2006,C0234047,0,0,0,0,1
1989,2007,C0028081,0,0,0,0,1
1990,2008,C0023380,0,0,0,0,1
1991,2009,C0700590,0,0,0,0,1
1992,2010,C0013144,0,0,0,0,1
1993,2011,C0425251,0,0,0,0,1
1994,2012,C0011124,0,0,0,0,1
1995,2013,C0003467,0,0,0,0,1
1996,2014,C0006325,0,0,0,0,1
1997,2015,C0556385,0,0,0,0,1
1998,2016,C1971624,0,0,0,0,1
1999,2017,C0028084,0,0,0,0,1
2000,2018,C0028081,0,0,0,0,1
2001,2019,C0037199,0,0,0,0,1
2002,2020,C0857087,0,0,0,0,1
2003,2021,C0497247,0,0,0,0,1
2004,2022,C0235160,0,0,0,0,1
2005,2023,C0037199,0,0,0,0,1
2006,2024,C0314719,0,0,0,0,1
2007,2025,C0557875,0,0,0,0,1
2008,2026,C0234019,0,0,0,0,1
2009,2027,C0456820,0,0,0,0,1
2010,2028,C0542313,0,0,0,0,1
2011,2029,C0015672,0,0,0,0,1
2012,2030,C0234019,0,0,0,0,1
2013,2031,C0557875,0,0,0,0,1
2014,2032,C0038990,0,0,0,0,1
2015,2033,C0149745,0,0,0,0,1
2016,2034,C0581879,0,0,0,0,1
2017,2035,C0240327,0,0,0,0,1
2018,2036,C0085633,0,0,0,0,1
2019,2037,C0037199,0,0,0,0,1
2020,2038,C0037199,0,0,0,0,1
2021,2039,C0392171,0,0,0,0,1
2022,2040,C0220870,0,0,0,0,1
2023,2041,C0455769,0,0,0,0,1
2024,2042,C0701812,0,0,0,0,1
2025,2043,C1262477,0,0,0,0,1
2026,2044,C0234022,0,0,0,0,1
2027,2045,C0234019,0,0,0,0,1
2028,2046,C0701811,0,0,0,0,1
2029,2047,C0037199,0,0,0,0,1
2030,2048,C0003862,0,0,0,0,1
2031,2049,C0003862,0,0,0,0,1
2032,2050,C0392171,0,0,0,0,1
2033,2051,C0026858,0,0,0,0,1
2034,2052,C0009806,0,0,0,0,1
2035,2053,C0000765,0,0,0,0,1
2036,2054,C0701810,0,0,0,0,1
2037,2055,C0005826,0,0,0,0,1
2038,2056,C0028081,0,0,0,0,1
2039,2057,C0028081,0,0,0,0,1
2040,2058,C0043094,0,0,0,0,1
2041,2059,C0234019,0,0,0,0,1
2042,2060,C0000765,0,0,0,0,1
2043,2061,C0701812,0,0,0,0,1
2044,2062,C0028084,0,0,0,0,1
2045,2063,C0242979,0,0,0,0,1
2046,2064,C0557875,0,0,0,0,1
2047,2065,C0425251,0,0,0,0,1
2048,2066,C0027497,0,0,0,0,1
2049,2067,C0037199,0,0,0,0,1
2050,2068,C0277960,0,0,0,0,1
2051,2069,C0037199,0,0,0,0,1
2052,2070,C0424557,0,0,0,0,1
2053,2071,C0392171,0,0,0,0,1
2054,2072,C0424444,0,0,0,0,1
2055,2073,C0583786,0,0,0,0,1
2056,2074,C0043094,0,0,0,0,1
2057,2075,C0037199,0,0,0,0,1
2058,2076,C0009443,0,0,0,0,1
2059,2077,C0037199,0,0,0,0,1
2060,2078,C0235160,0,0,0,0,1
2061,2079,C0037199,0,0,0,0,1
2062,2080,C0917801,0,0,0,0,1
2063,2081,C0038990,0,0,0,0,1
2064,2082,C2981158,0,0,0,0,1
2065,2083,C4074950,0,0,0,0,1
2066,2084,C0028081,0,0,0,0,1
2067,2085,C0234019,0,0,0,0,1
2068,2086,C0392171,0,0,0,0,1
2069,2087,C0581879,0,0,0,0,1
2070,2088,C0037199,0,0,0,0,1
2071,2089,C0424558,0,0,0,0,1
2072,2090,C0456814,0,0,0,0,1
2073,2091,C4074971,0,0,0,0,1
2074,2092,C0234019,0,0,0,0,1
2075,2093,C0004604,0,0,0,0,1
2076,2094,C0233408,0,0,0,0,1
2077,2095,C0344375,0,0,0,0,1
2078,2096,C0037199,0,0,0,0,1
2079,2097,C0028081,0,0,0,0,1
2080,2098,C0424573,0,0,0,0,1
2081,2099,C0860645,0,0,0,0,1
2082,2100,C1262477,0,0,0,0,1
2083,2101,C0428895,0,0,0,0,1
2084,2102,C0086769,0,0,0,0,1
2085,2103,C0233408,0,0,0,0,1
2086,2104,C0392171,0,0,0,0,1
2087,2105,C0012833,0,0,0,0,1
2088,2106,C0234019,0,0,0,0,1
2089,2107,C0424558,0,0,0,0,1
2090,2108,C0557875,0,0,0,0,1
2091,2109,C0549622,0,0,0,0,1
2092,2110,C0549622,0,0,0,0,1
2093,2111,C0425769,0,0,0,0,1
2094,2112,C0456814,0,0,0,0,1
2095,2113,C0000765,0,0,0,0,1
2096,2114,C0234019,0,0,0,0,1
2097,2115,C0037199,0,0,0,0,1
2098,2116,C0425766,0,0,0,0,1
2099,2117,C0456814,0,0,0,0,1
2100,2118,C0236000,0,0,0,0,1
2101,2119,C0701810,0,0,0,0,1
2102,2120,C0312418,0,0,0,0,1
2103,2121,C0024517,0,0,0,0,1
2104,2122,C0424573,0,0,0,0,1
2105,2123,C0701811,0,0,0,0,1
2106,2124,C0677661,0,0,0,0,1
2107,2125,C0234238,0,0,0,0,1
2108,2126,C0860645,0,0,0,0,1
2109,0,C0232937,0,0,0,0,1
2110,2127,C0028081,0,0,0,0,1
2111,2128,C0231247,0,0,0,0,1
2112,2129,C0564408,0,0,0,0,1
2113,2130,C0497247,0,0,0,0,1
2114,2131,C1827663,0,0,0,0,1
2115,2132,C1443924,0,0,0,0,1
2116,2133,C0024517,0,0,0,0,1
2117,2134,C0278180,0,0,0,0,1
2118,2135,C0520947,0,0,0,0,1
2119,2136,C0027497,0,0,0,0,1
2120,2137,C0009806,0,0,0,0,1
2121,2138,C0012833,0,0,0,0,1
2122,2139,C0234019,0,0,0,0,1
2123,2140,C0917801,0,0,0,0,1
2124,2141,C0028643,0,0,0,0,1
2125,2142,C0028081,0,0,0,0,1
2126,2143,C0234019,0,0,0,0,1
2127,2144,C0424573,0,0,0,0,1
2128,2145,C0558127,0,0,0,0,1
2129,2146,C0029944,0,0,0,0,1
2130,2147,C0006325,0,0,0,0,1
2131,2148,C0024517,0,0,0,0,1
2132,2149,C0037199,0,0,0,0,1
2133,2150,C0860645,0,0,0,0,1
2134,2151,C0558171,0,0,0,0,1
2135,2152,C0393760,0,0,0,0,1
2136,2153,C0233408,0,0,0,0,1
2137,2154,C0028081,0,0,0,0,1
2138,2155,C0860645,0,0,0,0,1
2139,2156,C0314719,0,0,0,0,1
2140,2157,C0578994,0,0,0,0,1
2141,2158,C0037199,0,0,0,0,1
2142,2159,C0455769,0,0,0,0,1
2143,2160,C0043387,0,0,0,0,1
2144,2161,C0043094,0,0,0,0,1
2145,2162,C0043094,0,0,0,0,1
2146,2163,C1291077,0,0,0,0,1
2147,2164,C0043387,0,0,0,0,1
2148,2165,C0917801,0,0,0,0,1
2149,2166,C0232461,0,0,0,0,1
